--
-- Script was generated by Devart dbForge Studio 2020 for MySQL, Version 9.0.338.0
-- Product home page: http://www.devart.com/dbforge/mysql/studio
-- Script date 7/26/2022 1:23:29 PM
-- Server version: 8.0.29
-- Client version: 4.1
--

-- 
-- Disable foreign keys
-- 
/*!40014 SET @OLD_FOREIGN_KEY_CHECKS=@@FOREIGN_KEY_CHECKS, FOREIGN_KEY_CHECKS=0 */;

-- 
-- Set SQL mode
-- 
/*!40101 SET @OLD_SQL_MODE=@@SQL_MODE, SQL_MODE='NO_AUTO_VALUE_ON_ZERO' */;

-- 
-- Set character set the client will use to send SQL statements to the server
--
SET NAMES 'utf8';

--
-- Set default database
--
USE db_a8a373_trung;

--
-- Drop table `__efmigrationshistory`
--
DROP TABLE IF EXISTS __efmigrationshistory;

--
-- Drop table `employee`
--
DROP TABLE IF EXISTS employee;

--
-- Drop table `department`
--
DROP TABLE IF EXISTS department;

--
-- Set default database
--
USE db_a8a373_trung;

--
-- Create table `department`
--
CREATE TABLE department (
  Id varbinary(16) NOT NULL,
  CreatedAt datetime DEFAULT NULL,
  ModifiedAt datetime DEFAULT NULL,
  DepartmentName varchar(255) DEFAULT NULL,
  PRIMARY KEY (Id)
)
ENGINE = INNODB,
AVG_ROW_LENGTH = 4096,
CHARACTER SET utf8mb3,
COLLATE utf8_unicode_ci;

--
-- Create table `employee`
--
CREATE TABLE employee (
  Id varbinary(16) NOT NULL,
  CreatedAt datetime DEFAULT NULL,
  ModifiedAt datetime DEFAULT NULL,
  EmployeeCode varchar(20) DEFAULT NULL,
  FullName varchar(100) DEFAULT NULL,
  Gender int DEFAULT NULL,
  DateOfBirth date DEFAULT NULL,
  Email text DEFAULT NULL,
  PhoneNumber varchar(50) DEFAULT NULL,
  DepartmentId varbinary(16) NOT NULL,
  TelephoneNumber varchar(50) DEFAULT NULL,
  IdentityNumber varchar(25) DEFAULT NULL,
  IdentityPlace varchar(255) DEFAULT NULL,
  IdentityDate date DEFAULT NULL,
  Address varchar(255) DEFAULT NULL,
  BankName varchar(255) DEFAULT NULL,
  BankAccountNumber varchar(25) DEFAULT NULL,
  BankBranchName varchar(255) DEFAULT NULL,
  PositionName varchar(255) DEFAULT NULL,
  PRIMARY KEY (Id)
)
ENGINE = INNODB,
AVG_ROW_LENGTH = 413,
CHARACTER SET utf8mb3,
COLLATE utf8_unicode_ci;

--
-- Create index `IX_Employee_DepartmentId` on table `employee`
--
ALTER TABLE employee
ADD INDEX IX_Employee_DepartmentId (DepartmentId);

--
-- Create index `IX_Employee_EmployeeCode` on table `employee`
--
ALTER TABLE employee
ADD UNIQUE INDEX IX_Employee_EmployeeCode (EmployeeCode);

--
-- Create foreign key
--
ALTER TABLE employee
ADD CONSTRAINT FK_Employee_Department_DepartmentId FOREIGN KEY (DepartmentId)
REFERENCES department (Id) ON DELETE CASCADE;

--
-- Create table `__efmigrationshistory`
--
CREATE TABLE __efmigrationshistory (
  MigrationId varchar(150) NOT NULL,
  ProductVersion varchar(32) NOT NULL,
  PRIMARY KEY (MigrationId)
)
ENGINE = INNODB,
AVG_ROW_LENGTH = 4096,
CHARACTER SET utf8mb3,
COLLATE utf8_unicode_ci;

-- 
-- Dumping data for table department
--
INSERT INTO department VALUES
(x'020D1217B56A433E18CB66948DAF6128', NULL, NULL, 'Phòng nhân sự'),
(x'8FB02C14317CFA218E9067245E8B283E', NULL, NULL, 'Phòng kế toán '),
(x'C42F274E7578D6787D326A1673FFCA7C', NULL, NULL, 'Phòng marketing'),
(x'CE3E9B464A74D545957DE8C757976496', NULL, NULL, 'Phòng hành chính');

-- 
-- Dumping data for table __efmigrationshistory
--
INSERT INTO __efmigrationshistory VALUES
('20220717075138_init', '3.1.21'),
('20220717075415_init1', '3.1.21'),
('20220723092024_update1', '3.1.21'),
('20220723103035_update2', '3.1.21');

-- 
-- Dumping data for table employee
--
INSERT INTO employee VALUES
(x'00ADAE70B52DF7772277D9EBC53AAC3D', NULL, NULL, 'NV-3010', 'Nông Thị Giang', 1, '1993-11-08', 'AbelSpurlock4@gmail.com', '0314812222', x'C42F274E7578D6787D326A1673FFCA7C', '0244 699384', '618507620816', 'Ninh Bình', '1981-03-23', '96 Phố Hàng Khay, Điện Biên', 'Ngân hàng BIDV', '697970638', 'CN Cầu Giấy', 'Nhân viên'),
(x'03B197567951C37AD31D086412A8EA97', NULL, NULL, 'NV-0331', 'Trịnh Thành Nam', 1, '1954-10-29', 'AlexBabcock691@gmail.com', '0315676658', x'8FB02C14317CFA218E9067245E8B283E', '0233 442355', '256432105780', 'Hà Giang', '1981-09-29', '89 Đường Bưởi, Tuyên Quang', 'Ngân hàng ACB', '337858259', 'CN Đống Đa', 'Nhân viên'),
(x'04A7051D7653BA151477D9EBC53AAC3D', NULL, NULL, 'NV-2008', 'Đoàn Thị Trâm', 3, '1979-10-30', 'LamontStjohn2@gmail.com', '0357664602', x'020D1217B56A433E18CB66948DAF6128', '0230 308086', '984210528358', 'Phú Thọ', '1976-04-27', '656 Đường Hoàng Hoa Thám, Lạng Sơn', 'Ngân hàng BIDV', '417534909', 'CN Cầu Giấy', 'Phó phòng'),
(x'07D6766B607DA23856807ED9D1EA06EA', NULL, NULL, 'NV-0209', 'Trương Thị Thoa', 2, '1971-03-26', 'Bryant_Mojica15@gmail.com', '0396801754', x'020D1217B56A433E18CB66948DAF6128', '0204 203075', '498956086278', 'Thái Bình', '2012-09-15', '341 Phố Phan Đình Phùng, Ninh Bình', 'Ngân hàng TPBank', '287444940', 'CN Hai Bà Trưng', 'Nhân viên'),
(x'08EDC43F19126D1C54807ED9D1EA06EA', NULL, NULL, 'NV-2488', 'Nông Văn Định', 2, '1974-03-14', 'Stowe@gmail.com', '0993092109', x'020D1217B56A433E18CB66948DAF6128', '0250 348062', '271963028864', 'Lạng Sơn', '2005-10-20', '69 Phố Đặng Tất, Hồ Chí Minh', 'Ngân hàng VPBank', '171770419', 'CN Cầu Giấy', 'Nhân viên'),
(x'0A1D4B5F7B24497044350028ED526DD0', NULL, NULL, 'NV-8213', 'Trương Thị Thông', 2, '1952-01-02', 'TreyBagley4@gmail.com', '0803145394', x'C42F274E7578D6787D326A1673FFCA7C', '0272 788096', '147074525400', 'Nam Định', '1970-01-07', '26 Phố Trịnh Công Sơn, Thanh Hóa', 'Ngân hàng Agribank', '769228039', 'CN Hội Sở', 'Giám đốc'),
(x'0D657679864E15268C41C1EC321FE728', NULL, NULL, 'NV-9116', 'Trịnh Khánh Diễm', 2, '1958-12-01', 'Strunk1@gmail.com', '0953345807', x'CE3E9B464A74D545957DE8C757976496', '0237 317156', '384512996698', 'Hòa Bình', '2011-06-05', '775 Phố Đặng Văn Ngữ, Hà Nội', 'Ngân hàng BIDV', '806455256', 'CN Cầu Giấy', 'Nhân viên'),
(x'0DDDDA79FA69305E35C2579DAAD24557', NULL, NULL, 'NV-1208', 'Nguyễn Thị Trọng', 1, '1985-06-09', 'CockrellF3@gmail.com', '0967122570', x'8FB02C14317CFA218E9067245E8B283E', '0223 855664', '117305970681', 'Hà Giang', '1997-02-18', '88 Phố Bà Huyện Thanh Quan, Nam Định', 'Ngân hàng Agribank', '022905108', 'CN Cầu Giấy', 'Nhân viên'),
(x'0E72DC384A65D52934C2579DAAD24557', NULL, NULL, 'NV-7709', 'Nguyễn Văn Nghiêm', 0, '1992-02-27', 'EldaLorenzo@gmail.com', '0314112472', x'CE3E9B464A74D545957DE8C757976496', '0270 838446', '863662997382', 'Nam Định', '2015-08-14', '58 Đường Võ Nguyên Giáp, Bắc Ninh', 'Ngân hàng ACB', '928533340', 'CN Hai Bà Trưng', 'Nhân viên'),
(x'10413E141A7574541F80DE64D090A2C2', NULL, NULL, 'NV-0497', 'Nguyễn Văn Quỳnh', 0, '1957-09-02', 'Ebert41@gmail.com', '0918085502', x'C42F274E7578D6787D326A1673FFCA7C', '0241 684781', '021108676883', 'Thái Nguyên', '1986-07-07', '531 Phố Hàm Nghi, Nam Định', 'Ngân hàng BIDV', '530580546', 'CN Cầu Giấy', 'Nhân viên'),
(x'10ACB551EA6DAD172080DE64D090A2C2', NULL, NULL, 'NV-5458', 'Nguyễn Thành Nguyệt', 1, '1958-05-27', 'SamanthaMajor59@gmail.com', '0890492355', x'CE3E9B464A74D545957DE8C757976496', '0231 406616', '895225509827', 'Ninh Bình', '2009-10-25', '31 Lương Sử, Nghệ An', 'Ngân hàng TPBank', '5144436033130', 'CN Hội Sở', 'Nhân viên'),
(x'110BEF66921843141877D9EBC53AAC3D', NULL, NULL, 'NV-1474', 'Hồ Minh Phượng', 3, '1958-10-01', 'Carden@gmail.com', '0374136822', x'8FB02C14317CFA218E9067245E8B283E', '0253 696246', '026880657417', 'Sơn La', '2001-10-28', '799 Đường Bưởi, Hòa Bình', 'Ngân hàng HDBank', '078483244', 'CN Hội Sở', 'Nhân viên'),
(x'11A4D05F4559F7704A350028ED526DD0', NULL, NULL, 'NV-5273', 'Đinh Thị Hà', 0, '1983-12-22', 'Benton6@gmail.com', '0384438542', x'8FB02C14317CFA218E9067245E8B283E', '0270 179957', '156986207319', 'Yên Bái', '1991-05-25', '094 Phố Đặng Văn Ngữ, Yên Bái', 'Ngân hàng VPBank', '8496473644494', 'CN Hội Sở', 'Nhân viên'),
(x'11B76B15C653EE125D807ED9D1EA06EA', NULL, NULL, 'NV-7268', 'Nguyễn Đức Băng', 0, '1952-02-17', 'JamalAshley@gmail.com', '0396084778', x'020D1217B56A433E18CB66948DAF6128', '0261 029505', '498203051282', 'Hưng Yên', '1980-04-20', '40 Phố Láng Hạ, Phú Thọ', 'Ngân hàng TechcomBank', '595978896', 'CN Cầu Giấy', 'Nhân viên'),
(x'1333CC763239977E46350028ED526DD0', NULL, NULL, 'NV-7659', 'Hồ Văn Liễu', 2, NULL, NULL, NULL, x'8FB02C14317CFA218E9067245E8B283E', '0219 664655', '161271818284', 'Hà Nội', '2019-06-25', '63 Đường Bưởi, Hòa Bình', 'Ngân hàng TechcomBank', '2525626022300', 'CN Hà Thành', 'Nhân viên'),
(x'139B486D967386791577D9EBC53AAC3D', NULL, NULL, 'NV-7204', 'Trịnh Văn Nhi', 0, '1991-03-18', 'IsidroAlderman3@gmail.com', '0905278777', x'CE3E9B464A74D545957DE8C757976496', '0264 392132', '412430790231', 'Cao Bằng', '1971-11-29', '843 Phố Mai Anh Tuấn, Điện Biên', 'Ngân hàng VietinBank', '6428803632921', 'CN Hai Bà Trưng', 'Phó phòng'),
(x'14A5B94D876DC12E3B350028ED526DD0', NULL, NULL, 'NV-0812', 'Trần Diễm Đức', 2, '1958-01-06', 'Beasley4@gmail.com', '0336494156', x'8FB02C14317CFA218E9067245E8B283E', '0248 848759', '969759390136', 'Thái Bình', '1974-06-03', '255 Phố Nguyễn Thái Học, Nam Định', 'Ngân hàng ACB', '982713728', 'CN Đống Đa', 'Phó phòng'),
(x'14D5B1788C33DC3C8641C1EC321FE728', NULL, NULL, 'NV-3352', 'Đoàn Thị Vân', 2, '1953-02-24', 'ergxbnyy.kedf@gmail.com', '0309082248', x'8FB02C14317CFA218E9067245E8B283E', '0217 745692', '409989287523', 'Yên Bái', '1970-01-08', '108 Phố Đinh Tiên Hoàng, Nghệ An', 'Ngân hàng HDBank', '818723100', 'CN Cầu Giấy', 'Giám đốc'),
(x'161B4B24FC56921F73F6423B4E874D0F', NULL, NULL, 'NV-6589', 'Nguyễn Thị Nhân', 0, '1963-09-16', 'HanaAbel422@gmail.com', '0997534570', x'CE3E9B464A74D545957DE8C757976496', '0240 205408', '463195856515', 'Nghệ An', '1997-10-17', '706 Đường Bưởi, Hà Tĩnh', 'Ngân hàng TPBank', '452541760', 'CN Hội Sở', 'Nhân viên'),
(x'1818AE31AF7B72181E77D9EBC53AAC3D', NULL, NULL, 'NV-7228', 'Trương Văn Chương', 3, '1999-08-31', 'Speer513@gmail.com', '0896359146', x'020D1217B56A433E18CB66948DAF6128', '0296 126666', '155955683378', 'Hồ Chí Minh', '1970-01-01', '451 Đường Bưởi, Thái Nguyên', 'Ngân hàng VPBank', '9122502319455', 'CN Hội Sở', 'Giám đốc'),
(x'1ACD9D406A42F7233A350028ED526DD0', NULL, NULL, 'NV-6091', 'Trịnh Việt Quế', 2, '1956-04-10', 'Adair@gmail.com', '0832656648', x'CE3E9B464A74D545957DE8C757976496', '0214 446340', '208250410141', 'Đà Nẵng', '1992-10-16', '692 Phố Huế, Hải Dương', 'Ngân hàng BIDV', '853925686', 'CN Đống Đa', 'Nhân viên'),
(x'1B09F0223A528E6C4C350028ED526DD0', NULL, NULL, 'NV-1395', 'Trịnh Mỹ Châu', 2, NULL, NULL, NULL, x'020D1217B56A433E18CB66948DAF6128', '0234 359743', '836267330104', 'Thừa Thiên – Huế', '1996-06-23', '610 Phố Đặng Tất, Bắc Ninh', 'Ngân hàng Agribank', '2574166464453', 'CN Đống Đa', 'Nhân viên'),
(x'1BECD218C56196182EC2579DAAD24557', NULL, NULL, 'NV-8959', 'Mai Văn Phát', 2, '1968-06-16', 'Lance819@gmail.com', '0974846059', x'8FB02C14317CFA218E9067245E8B283E', '0244 694025', '066591571998', 'Hòa Bình', '2010-07-04', '949 Phố Nguyễn Thái Học, Thanh Hóa', 'Ngân hàng HDBank', '684047098', 'CN Cầu Giấy', 'Nhân viên'),
(x'1BEF7D6D7E4BAA528F41C1EC321FE728', NULL, NULL, 'NV-6144', 'Đoàn Minh Dương', 1, '1966-10-17', 'CecileJorgensen@gmail.com', '0360965308', x'020D1217B56A433E18CB66948DAF6128', '0281 048553', '494761223269', 'Hưng Yên', '2017-07-20', '73 Phố Đặng Văn Ngữ, Hà Nội', 'Ngân hàng BIDV', '2782953248896', 'CN Hà Thành', 'Nhân viên'),
(x'1DC94C2F136F4C4B1C80DE64D090A2C2', NULL, NULL, 'NV-4407', 'Trần Diễm Vinh', 3, '1952-02-16', 'Lynwood_Heflin@gmail.com', '0930265788', x'C42F274E7578D6787D326A1673FFCA7C', '0280 379267', '477975226107', 'Hà Tĩnh', '1972-08-02', '186 Phố Hàng Dầu, Hà Giang', 'Ngân hàng HDBank', '9430534080477', 'CN Cầu Giấy', 'Phó phòng'),
(x'1ECF6A503153A9670D77D9EBC53AAC3D', NULL, NULL, 'NV-8739', 'Nguyễn Văn Hương', 0, '1986-08-14', 'JeremyHaywood255@gmail.com', '0351680173', x'020D1217B56A433E18CB66948DAF6128', '0238 939275', '870736016443', 'Yên Bái', '1983-01-15', '487 Phố Nguyễn Lương Bằng, Thái Bình', 'Ngân hàng VPBank', '593811427', 'CN Cầu Giấy', 'Nhân viên'),
(x'1F9BB450F83D524BDB1D086412A8EA97', NULL, NULL, 'NV-1589', 'Trịnh Anh Dũng', 2, '1975-09-28', 'egcamsar.ivgafvdb@gmail.com', '0371642836', x'C42F274E7578D6787D326A1673FFCA7C', '0277 149045', '030562929350', 'Hà Giang', '2007-09-08', '721 Phố Lê Trọng Tấn, Thanh Hóa', 'Ngân hàng Agribank', '465183082', 'CN Hai Bà Trưng', 'Nhân viên'),
(x'2109DE2F2C43C564093560B3EBF808A9', NULL, NULL, 'NV-1955', 'Nguyễn Văn Hảo', 0, '1952-01-06', 'Cintron@gmail.com', '0973926267', x'020D1217B56A433E18CB66948DAF6128', '0298 253822', '159588335281', 'Bắc Ninh', '1977-10-28', '193 Phố Đặng Tất, Cao Bằng', 'Ngân hàng VPBank', '663369925', 'CN Cầu Giấy', 'Phó phòng'),
(x'212873221520A31D43350028ED526DD0', NULL, NULL, 'NV-2395', 'Đoàn Tiến Anh', 0, '1989-11-10', 'Andres@gmail.com', '0979014472', x'CE3E9B464A74D545957DE8C757976496', '0276 167931', '473781539973', 'Nam Định', '2001-05-22', '50 Đường Võ Văn Kiệt, Hòa Bình', 'Ngân hàng HDBank', '040570171', 'CN Hai Bà Trưng', 'Nhân viên'),
(x'2354E657F037B07471F6423B4E874D0F', NULL, NULL, 'NV-5987', 'Nguyễn Trí Anh', 2, '1998-11-16', 'Nina_Jaeger@gmail.com', '0903351402', x'C42F274E7578D6787D326A1673FFCA7C', '0296 117499', '840584964499', 'Quảng Bình', '1991-04-12', '293 Phố Khương Trung, Hà Tĩnh', 'Ngân hàng BIDV', '490245280', 'CN Cầu Giấy', 'Nhân viên'),
(x'23A7B26B187CF21D0B3560B3EBF808A9', NULL, NULL, 'NV-7051', 'Đinh Văn Thu', 0, '1971-08-06', 'haffwgsr4041@gmail.com', '0342687490', x'8FB02C14317CFA218E9067245E8B283E', '0215 163404', '192720389574', 'Yên Bái', '1982-05-17', '012 Phố Tây Sơn, Phú Thọ', 'Ngân hàng Agribank', '9202787066445', 'CN Đống Đa', 'Nhân viên'),
(x'24FF8949E723827BB6D289B22D10517E', NULL, NULL, 'NV-1766', 'Đoàn Vân Xuân', 1, '1990-07-07', 'AbrahamF@gmail.com', '0954059108', x'CE3E9B464A74D545957DE8C757976496', '0256 961443', '464111430300', 'Thái Nguyên', '2002-03-09', '17 Phố Đặng Tất, Cao Bằng', 'Ngân hàng BIDV', '127382251', 'CN Cầu Giấy', 'Nhân viên'),
(x'25FFFB4F06653649C61308DA6CA24F33', NULL, NULL, 'NV-9974', 'uyu', 1, NULL, NULL, NULL, x'020D1217B56A433E18CB66948DAF6128', NULL, NULL, NULL, NULL, NULL, NULL, NULL, NULL, NULL),
(x'2765AA5E8D76E73A1977D9EBC53AAC3D', NULL, NULL, 'NV-6492', 'Hồ Quốc Thạch', 0, '1981-02-13', 'Bartley98@gmail.com', '0956531032', x'C42F274E7578D6787D326A1673FFCA7C', '0274 799877', '481023263253', 'Hưng Yên', '2006-10-16', '660 Đường Võ Nguyên Giáp, Hà Giang', 'Ngân hàng TechcomBank', '8948944632863', 'CN Đống Đa', 'Nhân viên'),
(x'2790DB42765E7B2533C2579DAAD24557', NULL, NULL, 'NV-2464', 'Đoàn Hưng Liên', 0, '1982-06-16', 'Luckett@gmail.com', '0840615253', x'8FB02C14317CFA218E9067245E8B283E', '0270 453211', '242099874772', 'Tuyên Quang', '1987-06-24', '83 Phố Lý Quốc Sư, Thừa Thiên – Huế', 'Ngân hàng VPBank', '570534932', 'CN Hà Thành', 'Nhân viên'),
(x'27F00C3545322D53BCD289B22D10517E', NULL, NULL, 'NV-2860', 'Trịnh Tiến Hiền', 3, '1954-08-02', 'Gilberto.Moya6@gmail.com', '0823238928', x'C42F274E7578D6787D326A1673FFCA7C', '0226 076543', '225872493536', 'Hà Nội', '1997-08-18', '077 Đường Bưởi, Bắc Ninh', 'Ngân hàng VietinBank', '651640375', 'CN Hà Thành', 'Nhân viên'),
(x'2A39B95FD54AE71F76F6423B4E874D0F', NULL, NULL, 'NV-2257', 'Nguyễn Thị Quân', 2, '1952-02-10', 'Greer@gmail.com', '0960747375', x'CE3E9B464A74D545957DE8C757976496', '0266 543805', '837720822120', 'Bắc Ninh', '1973-03-29', '57 Phố Láng Hạ, Sơn La', 'Ngân hàng BIDV', '004895968', 'CN Hai Bà Trưng', 'Phó phòng'),
(x'2DBEC73C0664954B3CC2579DAAD24557', NULL, NULL, 'NV-7161', 'Trịnh Thành Chung', 2, NULL, NULL, NULL, x'020D1217B56A433E18CB66948DAF6128', '0288 492610', '185293261591', 'Hà Nam', '1988-01-01', '83 Phố Đặng Văn Ngữ, Hà Giang', 'Ngân hàng TPBank', '737979282', 'CN Hà Thành', 'Nhân viên'),
(x'3122AF62A778AA7CCD1D086412A8EA97', NULL, NULL, 'NV-0946', 'Hồ Thị Nhã', 3, '1972-09-28', 'Ivelisse_Beattie@gmail.com', '0915255221', x'C42F274E7578D6787D326A1673FFCA7C', '0280 694729', '259812064063', 'Phú Thọ', '1995-10-16', '712 Phố Quán Thánh, Hà Nam', 'Ngân hàng VPBank', '782531784', 'CN Hà Thành', 'Nhân viên'),
(x'313EA142BB2A7161DC1D086412A8EA97', NULL, NULL, 'NV-2935', 'Trần Linh Lệ', 2, '1995-08-01', 'MurrayAiken68@gmail.com', '0899001570', x'020D1217B56A433E18CB66948DAF6128', '0256 330757', '345248677718', 'Điện Biên', '2019-03-04', '78 Phố Lê Văn Lương, Hà Tĩnh', 'Ngân hàng TechcomBank', '500627492', 'CN Hai Bà Trưng', 'Nhân viên'),
(x'32385C56BC2FD02A47350028ED526DD0', NULL, NULL, 'NV-2054', 'Bùi Văn An', 1, NULL, NULL, NULL, x'8FB02C14317CFA218E9067245E8B283E', '0263 328572', '252048195507', 'Điện Biên', '1997-03-24', '50 Phố Hàng Bài, Hà Tĩnh', 'Ngân hàng HDBank', '7080954257812', 'CN Hai Bà Trưng', 'Nhân viên'),
(x'32539B32E334E41A6EF6423B4E874D0F', NULL, NULL, 'NV-9629', 'Trần Thị Nhanh', 2, '1954-12-23', 'Elmo_Albertson@gmail.com', '0876626454', x'020D1217B56A433E18CB66948DAF6128', '0228 776272', '364814237817', 'Hà Nội', '2004-03-02', '079 Phố Phan Đình Phùng, Đà Nẵng', 'Ngân hàng VPBank', '4065182004683', 'CN Đống Đa', 'Nhân viên'),
(x'32E3DC56F0769B6B50807ED9D1EA06EA', NULL, NULL, 'NV-6592', 'Nguyễn Thị Dương', 0, '1982-02-22', 'Riggs76@gmail.com', '0397341926', x'8FB02C14317CFA218E9067245E8B283E', '0247 153168', '584887770387', 'Lạng Sơn', '2014-03-07', '94 Phố Hàng Dầu, Thái Nguyên', 'Ngân hàng ACB', '1469378738027', 'CN Đống Đa', 'Nhân viên'),
(x'3413AA14353DC43230C2579DAAD24557', NULL, NULL, 'NV-0526', 'Đinh Tú Bình', 2, NULL, NULL, NULL, x'C42F274E7578D6787D326A1673FFCA7C', '0223 980365', '625437845243', 'Hưng Yên', '2019-07-11', '217 Phố Đinh Tiên Hoàng, Lạng Sơn', 'Ngân hàng BIDV', '461341895', 'CN Đống Đa', 'Nhân viên'),
(x'36137E708465DE558341C1EC321FE728', NULL, NULL, 'NV-6570', 'Trịnh Thị Hiền', 1, '1971-01-29', 'Abraham.Bradley@gmail.com', '0944407769', x'020D1217B56A433E18CB66948DAF6128', '0272 300249', '344738599884', 'Quảng Bình', '1970-03-30', '16 Phố Nguyễn Biểu, Nghệ An', 'Ngân hàng VietinBank', '6969728344671', 'CN Hai Bà Trưng', 'Trưởng phòng'),
(x'367614488F7E39692580DE64D090A2C2', NULL, NULL, 'NV-9154', 'Đoàn Thị Đức', 1, '1995-04-27', 'FelipeCalvin1@gmail.com', '0998608387', x'020D1217B56A433E18CB66948DAF6128', '0227 283800', '929049342654', 'Yên Bái', '2022-05-29', '551 Phố Láng Hạ, Hà Tĩnh', 'Ngân hàng TPBank', '281040362', 'CN Cầu Giấy', 'Nhân viên'),
(x'39961B2097593C3058807ED9D1EA06EA', NULL, NULL, 'NV-2162', 'Nguyễn Hưng Loan', 0, '2000-05-06', 'Falk@gmail.com', '0976314501', x'020D1217B56A433E18CB66948DAF6128', '0253 331313', '843424589526', 'Sơn La', '2008-02-09', '60 Phố Khương Trung, Hồ Chí Minh', 'Ngân hàng Agribank', '6557589194754', 'CN Hội Sở', 'Nhân viên'),
(x'39CFD97B553F7B3A003560B3EBF808A9', NULL, NULL, 'NV-8669', 'Trịnh Ánh Thái', 0, '1962-03-06', 'Charlton419@gmail.com', '0974060108', x'CE3E9B464A74D545957DE8C757976496', '0261 830007', '292527281106', 'Bắc Ninh', '1970-01-07', '96 Đường Võ Nguyên Giáp, Điện Biên', 'Ngân hàng HDBank', '252740789', 'CN Hội Sở', 'Giám đốc'),
(x'3AC34A32C577A513053560B3EBF808A9', NULL, NULL, 'NV-8124', 'Trịnh Thị Tuyền', 0, '1993-12-07', 'Cota959@gmail.com', '0363787485', x'C42F274E7578D6787D326A1673FFCA7C', '0235 575675', '901012351583', 'Quảng Bình', '1970-01-18', '410 Đường Thụy Khuê, Đà Nẵng', 'Ngân hàng TPBank', '508918528', 'CN Cầu Giấy', 'Giám đốc'),
(x'3C297E5285210A6D55807ED9D1EA06EA', NULL, NULL, 'NV-3227', 'Nguyễn Văn Trí', 2, '1960-05-21', 'rtigx5450@gmail.com', '0833961774', x'8FB02C14317CFA218E9067245E8B283E', '0287 923928', '327380094983', 'Nghệ An', '2015-07-21', '059 Phố Khương Trung, Yên Bái', 'Ngân hàng BIDV', '316082569', 'CN Cầu Giấy', 'Nhân viên'),
(x'3C8E663B2F7476488E41C1EC321FE728', NULL, NULL, 'NV-8849', 'Trần Thị Nghiêm', 2, '1991-07-23', 'Abel@gmail.com', '0301018582', x'CE3E9B464A74D545957DE8C757976496', '0246 621768', '217122111945', 'Hà Nội', '1977-10-30', '51 Phố Đặng Tất, Thái Bình', 'Ngân hàng ACB', '7805041056870', 'CN Đống Đa', 'Phó phòng'),
(x'41602519237634286DF6423B4E874D0F', NULL, NULL, 'NV-9646', 'Trương Thị An', 2, '1952-07-10', 'Baron964@gmail.com', '0361450705', x'020D1217B56A433E18CB66948DAF6128', '0243 377326', '174622931577', 'Quảng Bình', '2022-04-25', '336 Phố Hàng Khay, Ninh Bình', 'Ngân hàng HDBank', '9161092685342', 'CN Đống Đa', 'Nhân viên'),
(x'420A382C1116C2283AC2579DAAD24557', NULL, NULL, 'NV-6596', 'Võ Đức Long', 3, '1998-07-17', 'Felipe.Maxey624@gmail.com', '0978632915', x'8FB02C14317CFA218E9067245E8B283E', '0270 760790', '379829223590', 'Nghệ An', '1982-02-26', '655 Phố Mai Xuân Thưởng, Hưng Yên', 'Ngân hàng HDBank', '108576053', 'CN Hai Bà Trưng', 'Nhân viên'),
(x'429D2456EE1AB3203FC2579DAAD24557', NULL, NULL, 'NV-8128', 'Nguyễn Thị Dương', 1, '1998-12-15', 'NannieFife78@gmail.com', '0825351017', x'CE3E9B464A74D545957DE8C757976496', '0211 729105', '391501792791', 'Hải Dương', '1995-03-02', '91 Phố Đặng Tất, Hà Giang', 'Ngân hàng TechcomBank', '1360551826923', 'CN Hội Sở', 'Nhân viên'),
(x'42E35C1EEC2EA47953807ED9D1EA06EA', NULL, NULL, 'NV-5471', 'Trần Thị Chính', 2, '1989-11-18', 'SungC.Sorrell@gmail.com', '0980817919', x'C42F274E7578D6787D326A1673FFCA7C', '0249 659522', '251698210639', 'Thái Nguyên', '2017-10-27', '333 Phố Trịnh Công Sơn, Hải Dương', 'Ngân hàng VPBank', '8615518998036', 'CN Cầu Giấy', 'Nhân viên'),
(x'45BA2A594346FF52C1D289B22D10517E', NULL, NULL, 'NV-8073', 'Nguyễn Văn Triệu', 0, '1969-05-26', 'Alarcon887@gmail.com', '0908122703', x'CE3E9B464A74D545957DE8C757976496', '0240 247083', '104874748179', 'Hà Nam', '1974-06-19', '98 Phố Tràng Tiền, Tuyên Quang', 'Ngân hàng VietinBank', '758254530', 'CN Hà Thành', 'Phó phòng'),
(x'45D7035F0277851C2BC2579DAAD24557', NULL, NULL, 'NV-7361', 'Trịnh Thành Thăng', 2, '1973-03-07', 'orpq265@gmail.com', '0341548433', x'020D1217B56A433E18CB66948DAF6128', '0257 425323', '591829987621', 'Nam Định', '2019-09-18', '001 Phố Đặng Tất, Phú Thọ', 'Ngân hàng VietinBank', '5930722113897', 'CN Hội Sở', 'Nhân viên'),
(x'4621FB2A0D434B393D350028ED526DD0', NULL, NULL, 'NV-5559', 'Đoàn Văn Loan', 3, '1999-06-15', 'Lauryn.Abel889@gmail.com', '0947582167', x'C42F274E7578D6787D326A1673FFCA7C', '0297 079318', '995805383470', 'Lạng Sơn', '1989-09-25', '70 Phố Hàng Trống, Yên Bái', 'Ngân hàng ACB', '553218378', 'CN Đống Đa', 'Nhân viên'),
(x'47FD3A61C12FED15073560B3EBF808A9', NULL, NULL, 'NV-0165', 'Đoàn Văn Tùng', 2, '1960-04-24', 'Katherine_Abraham@gmail.com', '0990336162', x'8FB02C14317CFA218E9067245E8B283E', '0214 731016', '901037695668', 'Hòa Bình', '1970-01-06', '81 Đường Văn Cao, Hải Dương', 'Ngân hàng ACB', '5739434962583', 'CN Hai Bà Trưng', 'Giám đốc'),
(x'482043AF1BBC0B4CC61008DA6CA24F33', NULL, NULL, 'NV-9971', 'te', 1, NULL, NULL, NULL, x'020D1217B56A433E18CB66948DAF6128', NULL, NULL, NULL, NULL, NULL, NULL, NULL, NULL, NULL),
(x'48335662D57B19653C350028ED526DD0', NULL, NULL, 'NV-4059', 'Nguyễn Ngọc Nhanh', 0, '2001-05-18', 'Riggs@gmail.com', '0307891400', x'020D1217B56A433E18CB66948DAF6128', '0297 859557', '072668991371', 'Hưng Yên', '2000-12-28', '672 Phố Trần Hữu Tước, Bắc Ninh', 'Ngân hàng TechcomBank', '790694768', 'CN Cầu Giấy', 'Nhân viên'),
(x'4BC7614C9F4A9E760D3560B3EBF808A9', NULL, NULL, 'NV-4815', 'Trịnh Đức Liễu', 2, '2004-01-11', 'AlbertaAckerman@gmail.com', '0951009902', x'8FB02C14317CFA218E9067245E8B283E', '0229 972224', '369510012515', 'Hải Dương', '1970-01-04', '22 Phố Lê Trọng Tấn, Thái Nguyên', 'Ngân hàng TechcomBank', '9198809126076', 'CN Hội Sở', 'Giám đốc'),
(x'4D5A423A66606B116BF6423B4E874D0F', NULL, NULL, 'NV-4733', 'Hồ Diễm Thông', 3, '1998-11-15', 'RayleneSchmid138@gmail.com', '0325729478', x'C42F274E7578D6787D326A1673FFCA7C', '0256 256090', '770278883919', 'Thừa Thiên – Huế', '1990-12-07', '341 Phố Hàng Trống, Nghệ An', 'Ngân hàng VPBank', '5837763060679', 'CN Hội Sở', 'Nhân viên'),
(x'4E92FA60DE77F3552377D9EBC53AAC3D', NULL, NULL, 'NV-0451', 'Hoàng Văn Tuân', 3, '1952-01-01', 'Carver@gmail.com', '0368204511', x'CE3E9B464A74D545957DE8C757976496', '0238 144872', '481606263610', 'Nghệ An', '2019-06-06', '47 Phố Láng Hạ, Phú Thọ', 'Ngân hàng TPBank', '244842290', 'CN Đống Đa', 'Nhân viên'),
(x'4FB685643578A4658041C1EC321FE728', NULL, NULL, 'NV-2383', 'Trần Thị Thái', 1, '1975-07-10', 'KermitBullard@gmail.com', '0328446431', x'020D1217B56A433E18CB66948DAF6128', '0292 496834', '282371111263', 'Hải Phòng', '1970-03-03', '818 Đường Lê Duẩn, Hà Nội, Hòa Bình', 'Ngân hàng VietinBank', '1549106055415', 'CN Hội Sở', 'Trưởng phòng'),
(x'5033D077A46B6C2277F6423B4E874D0F', NULL, NULL, 'NV-0634', 'Nguyễn Trí Dương', 0, '1965-05-17', 'Donetta_Weir@gmail.com', '0808318645', x'C42F274E7578D6787D326A1673FFCA7C', '0255 472127', '680038555827', 'Hồ Chí Minh', '1972-05-09', '48 Phố Hàng Khay, Ninh Bình', 'Ngân hàng VietinBank', '083300184', 'CN Đống Đa', 'Phó phòng'),
(x'513A766A22435A5CB5D289B22D10517E', NULL, NULL, 'NV-3364', 'Trần Hưng Như', 1, '1997-11-03', 'Tad.Shumaker37@gmail.com', '0851740458', x'C42F274E7578D6787D326A1673FFCA7C', '0282 971733', '900655360581', 'Hải Dương', '1976-08-02', '36 Đường Văn Cao, Yên Bái', 'Ngân hàng Agribank', '073086579', 'CN Cầu Giấy', 'Phó phòng'),
(x'517D5E598C31E8391377D9EBC53AAC3D', NULL, NULL, 'NV-7475', 'Hoàng Minh Vinh', 2, '1995-03-26', 'Broyles@gmail.com', '0805267373', x'020D1217B56A433E18CB66948DAF6128', '0229 807481', '255748965347', 'Tuyên Quang', '2009-09-15', '451 Phố Bà Triệu, Hưng Yên', 'Ngân hàng Agribank', '6203351229331', 'CN Hà Thành', 'Nhân viên'),
(x'518DF6537F261E2D8241C1EC321FE728', NULL, NULL, 'NV-4847', 'Nông Minh Trà', 2, '1952-03-02', 'Hugh_Higgins13@gmail.com', '0381212368', x'020D1217B56A433E18CB66948DAF6128', '0219 448792', '085619641378', 'Nam Định', '2008-03-04', '008 Phố Hàng Dầu, Nghệ An', 'Ngân hàng TechcomBank', '059899260', 'CN Đống Đa', 'Nhân viên'),
(x'51FCBF3A432AC6186CF6423B4E874D0F', NULL, NULL, 'NV-7782', 'Nguyễn Thị Hương', 0, '2000-02-16', 'FelipeCosgrove@gmail.com', '0803253775', x'8FB02C14317CFA218E9067245E8B283E', '0297 534477', '220627452628', 'Hải Dương', '1970-01-10', '248 Phố Khương Trung, Thừa Thiên – Huế', 'Ngân hàng TechcomBank', '630437465', 'CN Hà Thành', 'Giám đốc'),
(x'53A0C3354D25F3331B80DE64D090A2C2', NULL, NULL, 'NV-6195', 'Đoàn Văn Phi', 2, '2001-10-10', 'Millard.Rains458@gmail.com', '0384245322', x'CE3E9B464A74D545957DE8C757976496', '0273 886483', '991450349179', 'Vĩnh Phúc', '1972-06-15', '205 Phố Trịnh Công Sơn, Ninh Bình', 'Ngân hàng HDBank', '430595506', 'CN Cầu Giấy', 'Phó phòng'),
(x'54B1126BD3395B1A2280DE64D090A2C2', NULL, NULL, 'NV-9703', 'Trịnh Hưng Chi', 2, '1998-11-09', 'EthanGuerrero9@gmail.com', '0903409633', x'C42F274E7578D6787D326A1673FFCA7C', '0237 366096', '007578456820', 'Sơn La', '1997-11-23', '558 Phố Khương Trung, Hà Giang', 'Ngân hàng Agribank', '3420509423350', 'CN Đống Đa', 'Nhân viên'),
(x'556956E52AC81440C60F08DA6CA24F33', NULL, NULL, 'NV-9970', 'tre', 1, NULL, NULL, NULL, x'020D1217B56A433E18CB66948DAF6128', NULL, NULL, NULL, NULL, NULL, NULL, NULL, NULL, NULL),
(x'56249426A825C25E8B41C1EC321FE728', NULL, NULL, 'NV-6447', 'Hồ Thị Nhài', 3, '1953-11-20', 'vtwl20@gmail.com', '0394402422', x'8FB02C14317CFA218E9067245E8B283E', '0283 537819', '924279818210', 'Quảng Bình', '1996-11-08', '62 Phố Khương Trung, Hà Tĩnh', 'Ngân hàng Agribank', '5373284600134', 'CN Hà Thành', 'Nhân viên'),
(x'57EA516FB2139F131177D9EBC53AAC3D', NULL, NULL, 'NV-9280', 'Trần Văn Liên', 0, '1984-06-13', 'scixs3777@gmail.com', '0839115239', x'C42F274E7578D6787D326A1673FFCA7C', '0293 172898', '362052374386', 'Nam Định', '1999-07-12', '14 Đường Bưởi, Điện Biên', 'Ngân hàng VietinBank', '2743288026232', 'CN Hai Bà Trưng', 'Nhân viên'),
(x'5935D332A561FD4AD91D086412A8EA97', NULL, NULL, 'NV-0761', 'Võ Đức Duyên', 0, '2003-11-04', 'Montoya@gmail.com', '0360512382', x'CE3E9B464A74D545957DE8C757976496', '0265 509415', '677795375384', 'Lạng Sơn', '1992-10-05', '348 Phố Bà Huyện Thanh Quan, Lạng Sơn', 'Ngân hàng HDBank', '2839602908586', 'CN Hà Thành', 'Nhân viên'),
(x'5C2AE1123A6E3A50D71D086412A8EA97', NULL, NULL, 'NV-6059', 'Trần Linh Bốn', 1, '1952-01-10', 'DebraEnglish186@gmail.com', '0868719598', x'020D1217B56A433E18CB66948DAF6128', '0231 949782', '550257387325', 'Hà Nam', '1987-04-05', '591 Lương Sử, Nghệ An', 'Ngân hàng BIDV', '235431964', 'CN Cầu Giấy', 'Nhân viên'),
(x'5FFE6348DF1353469041C1EC321FE728', NULL, NULL, 'NV-2386', 'Hoàng Thị Thu', 1, '1983-06-27', 'QuinnUpton@gmail.com', '0870487998', x'8FB02C14317CFA218E9067245E8B283E', '0205 943718', '287669474561', 'Hải Dương', '1987-06-28', '084 Phố Nguyễn Biểu, Hải Phòng', 'Ngân hàng TPBank', '6535133404184', 'CN Hội Sở', 'Nhân viên'),
(x'6048D37AC81AD77AD01D086412A8EA97', NULL, NULL, 'NV-6661', 'Đinh Văn Đăng', 0, '1997-05-31', 'Swanson@gmail.com', '0905971765', x'8FB02C14317CFA218E9067245E8B283E', '0291 788281', '002830487921', 'Hòa Bình', '1970-01-12', '64 Phố Nguyễn Biểu, Hà Nam', 'Ngân hàng BIDV', '0891911141826', 'CN Hai Bà Trưng', 'Giám đốc'),
(x'60741B7278730322043560B3EBF808A9', NULL, NULL, 'NV-2526', 'Nguyễn Thị Thạch', 2, '1952-01-12', 'Nana.Kozlowski@gmail.com', '0929884171', x'8FB02C14317CFA218E9067245E8B283E', '0264 829372', '010219747612', 'Lạng Sơn', '1985-11-15', '395 Phố Đặng Văn Ngữ, Yên Bái', 'Ngân hàng Agribank', '9783006903224', 'CN Hội Sở', 'Nhân viên'),
(x'61670B5031163A4FC0D289B22D10517E', NULL, NULL, 'NV-0179', 'Trần Thị Cảnh', 1, '1978-01-29', 'Donna_YKimball561@gmail.com', '0812761951', x'C42F274E7578D6787D326A1673FFCA7C', '0248 294092', '938208678860', 'Hồ Chí Minh', '1970-02-17', '24 Đường Bưởi, Ninh Bình', 'Ngân hàng VPBank', '3666748781704', 'CN Đống Đa', 'Trưởng phòng'),
(x'61AF7F332B661A4669F6423B4E874D0F', NULL, NULL, 'NV-8557', 'Võ Anh Bốn', 2, '1978-02-23', 'SandiRawlins@gmail.com', '0814186930', x'C42F274E7578D6787D326A1673FFCA7C', '0257 676565', '881539912768', 'Nam Định', '1970-02-16', '519 Phố Nguyễn Thái Học, Hưng Yên', 'Ngân hàng HDBank', '872233895', 'CN Cầu Giấy', 'Trưởng phòng'),
(x'625F2A21B84E3C2040350028ED526DD0', NULL, NULL, 'NV-9549', 'Trần Tú Thạch', 0, '1998-08-05', 'Allred@gmail.com', '0991247964', x'020D1217B56A433E18CB66948DAF6128', '0220 481910', '251774557891', 'Hải Dương', '1997-11-03', '405 Đường Văn Cao, Sơn La', 'Ngân hàng VietinBank', '4518431347176', 'CN Hội Sở', 'Nhân viên'),
(x'63F2AA565533EA23B8D289B22D10517E', NULL, NULL, 'NV-5031', 'Đoàn Vân Vân', 2, '1979-11-02', 'Braswell@gmail.com', '0315082701', x'C42F274E7578D6787D326A1673FFCA7C', '0226 022762', '423160558341', 'Hà Giang', '2009-12-06', '172 Đường Hoàng Hoa Thám, Hồ Chí Minh', 'Ngân hàng HDBank', '169379380', 'CN Hội Sở', 'Nhân viên'),
(x'65F1851FD33E0A37B7D289B22D10517E', NULL, NULL, 'NV-9583', 'Trịnh Văn Nghị', 2, '1991-10-04', 'Minh.Snyder69@gmail.com', '0815386387', x'020D1217B56A433E18CB66948DAF6128', '0252 464778', '387070514354', 'Hưng Yên', '2010-03-20', '57 Phố Nguyễn Lương Bằng, Thái Nguyên', 'Ngân hàng VPBank', '3804765501829', 'CN Đống Đa', 'Nhân viên'),
(x'67A5BB220662F16B0C3560B3EBF808A9', NULL, NULL, 'NV-8193', 'Vũ Thị Thơm', 3, '1999-08-06', 'RoscoeAbrams53@gmail.com', '0871337430', x'8FB02C14317CFA218E9067245E8B283E', '0299 381232', '016555563990', 'Hải Phòng', '1973-05-02', '34 Phố Nguyễn Thái Học, Ninh Bình', 'Ngân hàng TechcomBank', '8821098861385', 'CN Hà Thành', 'Phó phòng'),
(x'67DF9D3B522583665A807ED9D1EA06EA', NULL, NULL, 'NV-2435', 'Mai Thị Bằng', 3, '1952-01-08', 'KaroleSouthard@gmail.com', '0915302186', x'020D1217B56A433E18CB66948DAF6128', '0212 574237', '593128217746', 'Hải Dương', '2012-09-01', '37 Phố Mai Xuân Thưởng, Nghệ An', 'Ngân hàng BIDV', '9155300140371', 'CN Hội Sở', 'Nhân viên'),
(x'6A44B9420B7992382AC2579DAAD24557', NULL, NULL, 'NV-2142', 'Hồ Thị Dũng', 2, '1965-11-20', 'Myung_Wolfe@gmail.com', '0827993941', x'C42F274E7578D6787D326A1673FFCA7C', '0217 430493', '065898447143', 'Quảng Bình', '1983-08-09', '555 Phố Đặng Văn Ngữ, Cao Bằng', 'Ngân hàng HDBank', '174729143', 'CN Hai Bà Trưng', 'Nhân viên'),
(x'6A74D04D496FFA641D77D9EBC53AAC3D', NULL, NULL, 'NV-9624', 'Bùi Văn Hà', 2, NULL, NULL, NULL, x'CE3E9B464A74D545957DE8C757976496', '0263 015840', '251406777621', 'Ninh Bình', '1970-11-23', '69 Phố Hàm Nghi, Hà Nội', 'Ngân hàng VPBank', '696867302', 'CN Đống Đa', 'Trưởng phòng'),
(x'6AC137177712E31B3BC2579DAAD24557', NULL, NULL, 'NV-5838', 'Nguyễn Thị Loan', 1, '1975-11-25', 'JessiaStovall@gmail.com', '0918727492', x'CE3E9B464A74D545957DE8C757976496', '0291 614959', '278215603496', 'Cao Bằng', '2017-09-09', '406 Phố Đặng Văn Ngữ, Nghệ An', 'Ngân hàng BIDV', '0094305816083', 'CN Hà Thành', 'Nhân viên'),
(x'6C595D40BE211A7E3DC2579DAAD24557', NULL, NULL, 'NV-0866', 'Mai Thị Phượng', 2, '1953-01-06', 'Apryl_Luster663@gmail.com', '0343483247', x'8FB02C14317CFA218E9067245E8B283E', '0220 829055', '287245157587', 'Nam Định', '1979-08-02', '83 Phố Mai Anh Tuấn, Hải Phòng', 'Ngân hàng HDBank', '222657622', 'CN Hai Bà Trưng', 'Phó phòng'),
(x'6CA4513E53419C227F41C1EC321FE728', NULL, NULL, 'NV-5399', 'Nguyễn Minh Thoa', 2, '1954-05-17', 'Man_Arce122@gmail.com', '0994481889', x'020D1217B56A433E18CB66948DAF6128', '0280 558777', '279150509372', 'Hà Nội', '1985-09-20', '966 Phố Nguyễn Biểu, Cao Bằng', 'Ngân hàng TPBank', '3871056944796', 'CN Hội Sở', 'Nhân viên'),
(x'6F6D8079304811632577D9EBC53AAC3D', NULL, NULL, 'NV-7378', 'Nông Mỹ Đạt', 1, '1970-06-26', 'LindyNunez@gmail.com', '0387284163', x'CE3E9B464A74D545957DE8C757976496', '0267 059330', '546497953398', 'Thừa Thiên – Huế', '1972-05-03', '665 Phố Hàng Dầu, Ninh Bình', 'Ngân hàng Agribank', '3486814505811', 'CN Hội Sở', 'Phó phòng'),
(x'6F8EBF1FD317046A2180DE64D090A2C2', NULL, NULL, 'NV-4759', 'Nông Văn Phú', 0, '1952-02-24', 'Howard.Goodman@gmail.com', '0810898601', x'CE3E9B464A74D545957DE8C757976496', '0213 233306', '898800579588', 'Hải Phòng', '1983-04-15', '89 Phố Hàng Dầu, Quảng Bình', 'Ngân hàng VietinBank', '5475096494306', 'CN Đống Đa', 'Nhân viên'),
(x'72B7B376F327BF3775F6423B4E874D0F', NULL, NULL, 'NV-5376', 'Nguyễn Văn Ánh', 2, '1979-05-20', 'AbigailWBrowder73@gmail.com', '0831782661', x'020D1217B56A433E18CB66948DAF6128', '0232 986726', '170907052580', 'Hà Nội', '1990-11-09', '69 Phố Hàm Nghi, Hà Tĩnh', 'Ngân hàng TPBank', '433449599', 'CN Hội Sở', 'Nhân viên'),
(x'7342DC57515CEA4A4D350028ED526DD0', NULL, NULL, 'NV-4278', 'Đoàn Hưng Minh', 0, '1987-11-21', 'GuadalupeBoehm636@gmail.com', '0870837260', x'020D1217B56A433E18CB66948DAF6128', '0281 972755', '737126788099', 'Cao Bằng', '1986-09-30', '27 Phố Đinh Tiên Hoàng, Phú Thọ', 'Ngân hàng VPBank', '646379572', 'CN Hà Thành', 'Nhân viên'),
(x'74C17228D368C12949350028ED526DD0', NULL, NULL, 'NV-1965', 'Trịnh Khánh Lương', 3, '1952-02-10', 'RobertoCarrillo@gmail.com', '0808747883', x'020D1217B56A433E18CB66948DAF6128', '0284 049780', '471783830471', 'Hải Dương', '1971-10-05', '582 Đường Võ Nguyên Giáp, Thừa Thiên – Huế', 'Ngân hàng VietinBank', '9128116943433', 'CN Cầu Giấy', 'Phó phòng'),
(x'7850AE21685E90376AF6423B4E874D0F', NULL, NULL, 'NV-5824', 'Trần Thị Đông', 1, '1967-03-18', 'Olin.Abrams@gmail.com', '0916217585', x'C42F274E7578D6787D326A1673FFCA7C', '0236 156570', '150193706489', 'Lạng Sơn', '1970-01-12', '37 Phố Ngọc Hà, Yên Bái', 'Ngân hàng BIDV', '6065661049974', 'CN Hội Sở', 'Giám đốc'),
(x'7B2EEC35B317631B60807ED9D1EA06EA', NULL, NULL, 'NV-4178', 'Trịnh Thành Chính', 1, '2000-05-11', 'Abraham.Colburn13@gmail.com', '0856819394', x'8FB02C14317CFA218E9067245E8B283E', '0271 285767', '999380331105', 'Hải Dương', '1970-02-26', '545 Phố Lê Trọng Tấn, Nghệ An', 'Ngân hàng Agribank', '131987197', 'CN Hội Sở', 'Trưởng phòng'),
(x'7B56F44B0515DB40DD1D086412A8EA97', NULL, NULL, 'NV-2191', 'Nguyễn Văn Thoa', 1, '1998-01-16', 'ecism6680@gmail.com', '0978260022', x'8FB02C14317CFA218E9067245E8B283E', '0209 415920', '113922194476', 'Hà Nam', '2010-04-08', '49 Đường Lê Duẩn, Hà Nội, Bắc Ninh', 'Ngân hàng ACB', '3409424642641', 'CN Hội Sở', 'Nhân viên'),
(x'7C6C1B7F742BBB3E31C2579DAAD24557', NULL, NULL, 'NV-9920', 'Hồ Văn Băng', 2, '1993-01-15', 'Hale@gmail.com', '0914928837', x'020D1217B56A433E18CB66948DAF6128', '0256 400313', '104439791776', 'Nghệ An', '1978-04-25', '78 Phố Mai Anh Tuấn, Hải Dương', 'Ngân hàng Agribank', '507825846', 'CN Hội Sở', 'Phó phòng'),
(x'7CB51B616C5F4C43C5D289B22D10517E', NULL, NULL, 'NV-7306', 'Hoàng Văn Quỳnh', 3, '2000-08-14', 'vlso4853@gmail.com', '0999041430', x'8FB02C14317CFA218E9067245E8B283E', '0290 767359', '884382580726', 'Cao Bằng', '1977-06-25', '67 Phố Nguyễn Lương Bằng, Tuyên Quang', 'Ngân hàng BIDV', '4290788029415', 'CN Đống Đa', 'Phó phòng'),
(x'7F730619ED3A04571777D9EBC53AAC3D', NULL, NULL, 'NV-0295', 'Trịnh Thị Ngân', 2, '1970-09-11', 'Alisha.Weir1@gmail.com', '0357034581', x'020D1217B56A433E18CB66948DAF6128', '0275 367055', '550952907645', 'Điện Biên', '2007-06-16', '004 Phố Hàng Bài, Bắc Ninh', 'Ngân hàng Agribank', '684631599', 'CN Cầu Giấy', 'Nhân viên'),
(x'7FD0EC1F88248C638141C1EC321FE728', NULL, NULL, 'NV-2522', 'Đoàn Đức Hạnh', 3, '2000-10-14', 'LavoneTucker53@gmail.com', '0930025782', x'020D1217B56A433E18CB66948DAF6128', '0246 756494', '827956162801', 'Thừa Thiên – Huế', '2021-06-04', '68 Phố Trịnh Công Sơn, Hồ Chí Minh', 'Ngân hàng TechcomBank', '0489225911935', 'CN Cầu Giấy', 'Nhân viên'),
(x'8165A128D11F6B541677D9EBC53AAC3D', NULL, NULL, 'NV-5440', 'Nông Thị Kiên', 1, '1976-03-28', 'LiliaEaston@gmail.com', '0952663454', x'CE3E9B464A74D545957DE8C757976496', '0298 911585', '630364963495', 'Hồ Chí Minh', '1995-07-20', '18 Phố Trịnh Công Sơn, Cao Bằng', 'Ngân hàng VietinBank', '8413916726397', 'CN Đống Đa', 'Nhân viên'),
(x'84A6806CB51CAF41FF3460B3EBF808A9', NULL, NULL, 'NV-3386', 'Đoàn Thị Hà', 1, '2004-10-28', 'KearneyG616@gmail.com', '0983677220', x'8FB02C14317CFA218E9067245E8B283E', '0203 520102', '262652582524', 'Hải Dương', '1999-05-06', '672 Phố Phan Đình Phùng, Sơn La', 'Ngân hàng TPBank', '7438989186758', 'CN Hai Bà Trưng', 'Nhân viên'),
(x'85F1A41C0372842A40C2579DAAD24557', NULL, NULL, 'NV-3111', 'Hoàng Văn Xuân', 2, NULL, NULL, NULL, x'8FB02C14317CFA218E9067245E8B283E', '0247 956980', '721688228208', 'Yên Bái', '2002-08-20', '330 Phố Tây Sơn, Hưng Yên', 'Ngân hàng TPBank', '0775646427886', 'CN Hai Bà Trưng', 'Nhân viên'),
(x'8775C050D555365B1B77D9EBC53AAC3D', NULL, NULL, 'NV-0156', 'Nguyễn Tú Nghi', 1, '1952-01-10', 'Bolton@gmail.com', '0345426973', x'020D1217B56A433E18CB66948DAF6128', '0211 167622', '863457452839', 'Tuyên Quang', '1982-07-27', '39 Đường Võ Nguyên Giáp, Thanh Hóa', 'Ngân hàng ACB', '032109059', 'CN Đống Đa', 'Nhân viên'),
(x'895C32469D59EF7774F6423B4E874D0F', NULL, NULL, 'NV-7497', 'Nguyễn Anh Mỹ', 0, '1952-01-05', 'jirxcfce_bfpgk@gmail.com', '0889122514', x'020D1217B56A433E18CB66948DAF6128', '0291 447193', '835191435485', 'Nam Định', '1974-12-12', '040 Đường Võ Chí Công, Sơn La', 'Ngân hàng TechcomBank', '300248582', 'CN Hà Thành', 'Phó phòng'),
(x'89A6617ED82C0E342677D9EBC53AAC3D', NULL, NULL, 'NV-5265', 'Nguyễn Văn Bích', 3, '1998-03-16', 'Shields@gmail.com', '0382686577', x'8FB02C14317CFA218E9067245E8B283E', '0266 316373', '222295615430', 'Hải Phòng', '2016-05-08', '100 Đường Thanh Niên, Phú Thọ', 'Ngân hàng Agribank', '568525428', 'CN Hà Thành', 'Nhân viên'),
(x'8B81E367B756B04E5C807ED9D1EA06EA', NULL, NULL, 'NV-0922', 'Bùi Hưng Khánh', 0, '1952-11-22', 'Petrie14@gmail.com', '0366411142', x'020D1217B56A433E18CB66948DAF6128', '0278 946377', '778493356079', 'Lạng Sơn', '1970-02-10', '073 Phố Phan Đình Phùng, Quảng Bình', 'Ngân hàng TechcomBank', '807429164', 'CN Hà Thành', 'Trưởng phòng'),
(x'8C7A3F6E782FA91636C2579DAAD24557', NULL, NULL, 'NV-6554', 'Trần Thị Thơm', 2, '1961-06-08', 'Samuels677@gmail.com', '0915315001', x'C42F274E7578D6787D326A1673FFCA7C', '0217 860343', '284871626493', 'Yên Bái', '2015-06-17', '552 Phố Bà Huyện Thanh Quan, Điện Biên', 'Ngân hàng VietinBank', '961341051', 'CN Cầu Giấy', 'Nhân viên'),
(x'8D69B4E7324B3E48C61108DA6CA24F33', NULL, NULL, 'NV-9972', 'ẻt', 1, NULL, NULL, '', x'8FB02C14317CFA218E9067245E8B283E', '', '', '', NULL, '', '', '', '', ''),
(x'8F0B556BF97FBC510F77D9EBC53AAC3D', NULL, NULL, 'NV-1384', 'Nguyễn Văn Thăng', 2, NULL, NULL, NULL, x'020D1217B56A433E18CB66948DAF6128', '0215 946298', '942753781803', 'Hồ Chí Minh', '1988-12-23', '50 Đường Võ Chí Công, Đà Nẵng', 'Ngân hàng ACB', '934235390', 'CN Hai Bà Trưng', 'Nhân viên'),
(x'921B845A1C79DF7851807ED9D1EA06EA', NULL, NULL, 'NV-3376', 'Nguyễn Quang Mai', 2, '1952-01-07', 'Cheek@gmail.com', '0366425635', x'8FB02C14317CFA218E9067245E8B283E', '0270 676574', '166901333103', 'Phú Thọ', '1977-08-08', '56 Phố Huế, Lạng Sơn', 'Ngân hàng TPBank', '667282100', 'CN Đống Đa', 'Phó phòng'),
(x'93CE3837611628562CC2579DAAD24557', NULL, NULL, 'NV-9227', 'Trịnh Mỹ Phát', 2, '1954-06-15', 'Lowry1@gmail.com', '0936674528', x'CE3E9B464A74D545957DE8C757976496', '0207 668969', '330858957134', 'Thái Bình', '1990-12-05', '326 Phố Hàm Nghi, Cao Bằng', 'Ngân hàng TPBank', '3035914975335', 'CN Hai Bà Trưng', 'Nhân viên'),
(x'952E8717243D1A6D32C2579DAAD24557', NULL, NULL, 'NV-6783', 'Hoàng Quang Cương', 3, '1990-03-30', 'AleciaCavanaugh@gmail.com', '0849649154', x'020D1217B56A433E18CB66948DAF6128', '0278 005715', '509677992659', 'Đà Nẵng', '1970-02-15', '257 Phố Tây Sơn, Đà Nẵng', 'Ngân hàng BIDV', '0862029139768', 'CN Hai Bà Trưng', 'Trưởng phòng'),
(x'96B0E11242357A121077D9EBC53AAC3D', NULL, NULL, 'NV-7129', 'Trương Ngọc Quốc', 3, '1967-11-16', 'Jung648@gmail.com', '0950876061', x'8FB02C14317CFA218E9067245E8B283E', '0226 903953', '933435353438', 'Hòa Bình', '2003-05-15', '40 Đường Võ Chí Công, Thanh Hóa', 'Ngân hàng VietinBank', '5083937092936', 'CN Đống Đa', 'Nhân viên'),
(x'97DA7F19355A1D780E77D9EBC53AAC3D', NULL, NULL, 'NV-4057', 'Nguyễn Khánh Minh', 0, NULL, NULL, NULL, x'8FB02C14317CFA218E9067245E8B283E', '0282 523493', '916046103382', 'Nam Định', '1988-12-28', '85 Đường Thanh Niên, Nam Định', 'Ngân hàng TechcomBank', '7524348685487', 'CN Đống Đa', 'Nhân viên'),
(x'98DD5D53931409791E80DE64D090A2C2', NULL, NULL, 'NV-3074', 'Đinh Thành Thoa', 3, '1964-08-14', 'Wilson_Abernathy@gmail.com', '0300792517', x'C42F274E7578D6787D326A1673FFCA7C', '0249 192430', '953023933976', 'Hưng Yên', '1988-07-29', '59 Phố Mai Anh Tuấn, Phú Thọ', 'Ngân hàng TechcomBank', '987879089', 'CN Hà Thành', 'Nhân viên'),
(x'9915CD28BF635F784F807ED9D1EA06EA', NULL, NULL, 'NV-7493', 'Trần Kim Hạnh', 0, '1992-04-27', 'Winston@gmail.com', '0377960606', x'C42F274E7578D6787D326A1673FFCA7C', '0200 433253', '524796837978', 'Hải Dương', '1976-07-21', '32 Phố Hoàng Văn Thái, Thanh Hóa', 'Ngân hàng VietinBank', '8780969519151', 'CN Hà Thành', 'Phó phòng'),
(x'99B25F395F3CFE468841C1EC321FE728', NULL, NULL, 'NV-1904', 'Trịnh Thị Điệp', 1, '1963-11-06', 'Earl.Mcgrew@gmail.com', '0337147618', x'020D1217B56A433E18CB66948DAF6128', '0248 408987', '459064372138', 'Lạng Sơn', '1997-02-14', '64 Phố Trịnh Công Sơn, Nam Định', 'Ngân hàng VPBank', '098888159', 'CN Cầu Giấy', 'Nhân viên'),
(x'9A69881F193E8A71D81D086412A8EA97', NULL, NULL, 'NV-6753', 'Trịnh Mỹ Trọng', 3, '1968-12-06', 'NicolasAckerman46@gmail.com', '0900333111', x'020D1217B56A433E18CB66948DAF6128', '0273 486847', '205585884508', 'Hòa Bình', '1992-10-07', '270 Phố Hàng Trống, Hà Nội', 'Ngân hàng ACB', '1500748344941', 'CN Đống Đa', 'Nhân viên'),
(x'9B7652488639697C2077D9EBC53AAC3D', NULL, NULL, 'NV-6418', 'Nguyễn Minh Toản', 3, '1992-07-08', 'HugoCardenas9@gmail.com', '0356126212', x'CE3E9B464A74D545957DE8C757976496', '0203 251167', '464882223438', 'Hải Phòng', '2002-04-26', '565 Phố Quán Thánh, Hải Dương', 'Ngân hàng VPBank', '3225426768329', 'CN Hai Bà Trưng', 'Nhân viên'),
(x'9D3B2B19605E133B5B807ED9D1EA06EA', NULL, NULL, 'NV-8979', 'Nguyễn Thanh Hằng', 3, NULL, NULL, NULL, x'020D1217B56A433E18CB66948DAF6128', '0206 176348', '560469194724', 'Tuyên Quang', '1971-01-07', '11 Phố Nguyễn Khuyến, Điện Biên', 'Ngân hàng HDBank', '828254128', 'CN Hội Sở', 'Phó phòng'),
(x'9D6FA352D442416838C2579DAAD24557', NULL, NULL, 'NV-7389', 'Trịnh Quang Phi', 2, '1997-11-29', 'AlishiaOcasio36@gmail.com', '0866425869', x'C42F274E7578D6787D326A1673FFCA7C', '0283 093975', '281348137909', 'Hải Dương', '1977-07-06', '500 Phố Nguyễn Biểu, Bắc Ninh', 'Ngân hàng TechcomBank', '239783837', 'CN Đống Đa', 'Phó phòng'),
(x'9DE454526843623129C2579DAAD24557', NULL, NULL, 'NV-8798', 'Trương Tiến Đạt', 0, '1970-10-03', 'Riley@gmail.com', '0931128896', x'C42F274E7578D6787D326A1673FFCA7C', '0292 043705', '910260240610', 'Tuyên Quang', '2020-05-29', '101 Phố Quán Thánh, Đà Nẵng', 'Ngân hàng VietinBank', '6746253919671', 'CN Đống Đa', 'Nhân viên'),
(x'9DFC432F7A1FFC2552807ED9D1EA06EA', NULL, NULL, 'NV-1288', 'Đinh Thanh Thành', 3, '1981-08-21', 'Everett@gmail.com', '0830544027', x'020D1217B56A433E18CB66948DAF6128', '0212 415898', '365982398827', 'Phú Thọ', '1998-05-29', '73 Đường Giải Phóng, Hà Nam', 'Ngân hàng ACB', '114279489', 'CN Hà Thành', 'Nhân viên'),
(x'A14ABD453238B83DD21D086412A8EA97', NULL, NULL, 'NV-5564', 'Nguyễn Thị My', 0, '1960-08-16', 'Clayton@gmail.com', '0995807222', x'020D1217B56A433E18CB66948DAF6128', '0276 208162', '619991304341', 'Hải Dương', '2018-03-29', '920 Phố Nguyễn Lương Bằng, Bắc Ninh', 'Ngân hàng ACB', '928160116', 'CN Hà Thành', 'Nhân viên'),
(x'A20DE6275E3804688441C1EC321FE728', NULL, NULL, 'NV-7021', 'Võ Văn Anh', 2, '1981-06-13', 'KatherineAcker@gmail.com', '0883957931', x'020D1217B56A433E18CB66948DAF6128', '0208 796377', '173907500324', 'Cao Bằng', '1999-09-06', '464 Phố Ngọc Hà, Yên Bái', 'Ngân hàng BIDV', '2336069471426', 'CN Hà Thành', 'Nhân viên'),
(x'A41E307A1E33F6731A77D9EBC53AAC3D', NULL, NULL, 'NV-4423', 'Nguyễn Văn Bình', 0, '1964-08-31', 'Abbott@gmail.com', '0310178998', x'020D1217B56A433E18CB66948DAF6128', '0292 480178', '940763587519', 'Hải Dương', '1984-10-12', '71 Phố Nguyễn Thái Học, Hà Giang', 'Ngân hàng Agribank', '960728941', 'CN Cầu Giấy', 'Nhân viên'),
(x'A5A29963FD2A8433DA1D086412A8EA97', NULL, NULL, 'NV-2803', 'Trịnh Thị Thanh', 1, '1963-08-17', 'LucindaAckerman92@gmail.com', '0822731982', x'8FB02C14317CFA218E9067245E8B283E', '0286 268235', '338764310328', 'Đà Nẵng', '2010-05-18', '551 Đường Lê Duẩn, Hà Nội, Nghệ An', 'Ngân hàng VPBank', '892574321', 'CN Đống Đa', 'Nhân viên'),
(x'A5E20721F8497B2357807ED9D1EA06EA', NULL, NULL, 'NV-6867', 'Đoàn Văn Bích', 2, NULL, NULL, NULL, x'020D1217B56A433E18CB66948DAF6128', '0239 573326', '862662344227', 'Yên Bái', '1994-11-07', '433 Phố Lý Quốc Sư, Nghệ An', 'Ngân hàng TPBank', '735150800', 'CN Hai Bà Trưng', 'Nhân viên'),
(x'AB363D23D04B1E4378F6423B4E874D0F', NULL, NULL, 'NV-5966', 'Đoàn Trọng Diễm', 3, '1994-08-04', 'Elisa.Alcorn837@gmail.com', '0990872981', x'020D1217B56A433E18CB66948DAF6128', '0265 153341', '565210813808', 'Thái Nguyên', '1984-09-02', '05 Đường Võ Chí Công, Thừa Thiên – Huế', 'Ngân hàng VietinBank', '0327533598816', 'CN Đống Đa', 'Nhân viên'),
(x'ACE61A7C726C36742DC2579DAAD24557', NULL, NULL, 'NV-6823', 'Trịnh Thị Thu', 2, '1960-11-27', 'KellyGoldberg@gmail.com', '0982539173', x'020D1217B56A433E18CB66948DAF6128', '0250 183449', '951844906949', 'Đà Nẵng', '2018-12-07', '581 Phố Đinh Tiên Hoàng, Thái Bình', 'Ngân hàng TPBank', '8378955313330', 'CN Hai Bà Trưng', 'Nhân viên'),
(x'AD14117AC47634371F77D9EBC53AAC3D', NULL, NULL, 'NV-9874', 'Nguyễn Văn Nhài', 0, '1968-07-06', 'Elliott.Dooley@gmail.com', '0961771529', x'8FB02C14317CFA218E9067245E8B283E', '0279 857642', '498372154873', 'Điện Biên', '2003-11-02', '945 Đường Thanh Niên, Thái Nguyên', 'Ngân hàng VPBank', '1644407750507', 'CN Cầu Giấy', 'Nhân viên'),
(x'AD95FC4EC22C453FBED289B22D10517E', NULL, NULL, 'NV-2642', 'Võ Đức Cảnh', 3, '2004-05-25', 'SheridanMcalister@gmail.com', '0902141480', x'C42F274E7578D6787D326A1673FFCA7C', '0205 814905', '823656865638', 'Hà Nội', '1999-12-27', '60 Phố Bà Triệu, Hòa Bình', 'Ngân hàng TechcomBank', '018099388', 'CN Hà Thành', 'Nhân viên'),
(x'B032C85D9A16951337C2579DAAD24557', NULL, NULL, 'NV-7183', 'Võ Văn Chi', 2, '1955-07-23', 'Louisa.Bills6@gmail.com', '0325858369', x'020D1217B56A433E18CB66948DAF6128', '0294 902371', '240980384347', 'Điện Biên', '1970-01-22', '763 Phố Lý Quốc Sư, Phú Thọ', 'Ngân hàng VPBank', '698010409', 'CN Cầu Giấy', 'Giám đốc'),
(x'B058DF22D25508612480DE64D090A2C2', NULL, NULL, 'NV-0810', 'Đoàn Văn Minh', 2, '1999-01-26', 'xgehh2273@gmail.com', '0353827816', x'8FB02C14317CFA218E9067245E8B283E', '0270 227442', '334584204073', 'Hưng Yên', '1985-10-25', '428 Phố Hồ Đắc Di, Nam Định', 'Ngân hàng BIDV', '8281958604904', 'CN Đống Đa', 'Nhân viên'),
(x'B4327167332AD16826C2579DAAD24557', NULL, NULL, 'NV-7292', 'Vũ Văn Thái', 2, '1965-01-14', 'Edward.B_Craddock933@gmail.com', '0320804447', x'8FB02C14317CFA218E9067245E8B283E', '0234 438336', '104992697577', 'Hòa Bình', '2005-09-19', '820 Phố Lê Văn Lương, Hà Nam', 'Ngân hàng VPBank', '606762531', 'CN Cầu Giấy', 'Nhân viên'),
(x'B58BB53CD72F156C8741C1EC321FE728', NULL, NULL, 'NV-7243', 'Đoàn Đức Đan', 3, '1993-06-20', 'Knapp@gmail.com', '0944214570', x'CE3E9B464A74D545957DE8C757976496', '0249 884064', '123837004645', 'Phú Thọ', '1976-06-11', '49 Đường Hoàng Hoa Thám, Lạng Sơn', 'Ngân hàng BIDV', '7519926607216', 'CN Cầu Giấy', 'Phó phòng'),
(x'B5E3D0345F6DD71F063560B3EBF808A9', NULL, NULL, 'NV-8547', 'Bùi Văn Quyên', 2, '2001-10-02', 'Caswell@gmail.com', '0381933915', x'020D1217B56A433E18CB66948DAF6128', '0278 173775', '991771822150', 'Hòa Bình', '1970-02-24', '743 Phố Lý Quốc Sư, Phú Thọ', 'Ngân hàng BIDV', '238264746', 'CN Hà Thành', 'Trưởng phòng'),
(x'B6B6CD6D3A27AA6A8541C1EC321FE728', NULL, NULL, 'NV-5263', 'Vũ Thị Phong', 3, '2001-10-21', 'AleshaWaite@gmail.com', '0869743461', x'020D1217B56A433E18CB66948DAF6128', '0234 828911', '226264991277', 'Quảng Bình', '2002-03-14', '109 Phố Lý Quốc Sư, Thanh Hóa', 'Ngân hàng ACB', '3630365344414', 'CN Cầu Giấy', 'Nhân viên'),
(x'B6DE29408C564F288941C1EC321FE728', NULL, NULL, 'NV-4802', 'Đinh Mỹ Ly', 2, '2000-07-20', 'NovellaLozano487@gmail.com', '0880750158', x'8FB02C14317CFA218E9067245E8B283E', '0234 844022', '688267091038', 'Phú Thọ', '2002-06-27', '49 Đường Võ Chí Công, Nghệ An', 'Ngân hàng VietinBank', '5852873864616', 'CN Hai Bà Trưng', 'Nhân viên'),
(x'B6E5ED13DD193E561980DE64D090A2C2', NULL, NULL, 'NV-7730', 'Trịnh Thị Hương', 1, '1952-01-07', 'wasuacm08@gmail.com', '0953141362', x'020D1217B56A433E18CB66948DAF6128', '0212 869134', '292319821664', 'Nam Định', '2012-04-28', '56 Phố Bà Triệu, Hồ Chí Minh', 'Ngân hàng BIDV', '8511848669351', 'CN Hai Bà Trưng', 'Nhân viên'),
(x'B831B14E4A232F634B350028ED526DD0', NULL, NULL, 'NV-4213', 'Võ Văn Như', 3, NULL, NULL, NULL, x'C42F274E7578D6787D326A1673FFCA7C', '0227 836552', '971211033532', 'Cao Bằng', '1970-01-27', '529 Phố Hàng Dầu, Nam Định', 'Ngân hàng HDBank', '768096524', 'CN Hà Thành', 'Giám đốc'),
(x'BA285B257721AF6B083560B3EBF808A9', NULL, NULL, 'NV-4859', 'Mai Văn Thúy', 1, '1952-01-18', 'Almeida134@gmail.com', '0398840728', x'CE3E9B464A74D545957DE8C757976496', '0246 132796', '558769753934', 'Bắc Ninh', '2009-06-02', '269 Đường Văn Cao, Hà Nội', 'Ngân hàng BIDV', '589081051', 'CN Hà Thành', 'Nhân viên'),
(x'BAACF14177311C4BC4D289B22D10517E', NULL, NULL, 'NV-9633', 'Đoàn Văn Dung', 2, '1952-01-22', 'Boehm@gmail.com', '0972738822', x'8FB02C14317CFA218E9067245E8B283E', '0264 899675', '626671857140', 'Cao Bằng', '2016-07-22', '31 Phố Trịnh Công Sơn, Hà Nội', 'Ngân hàng TPBank', '4203324018167', 'CN Hà Thành', 'Nhân viên'),
(x'BAFD051B5B14B07A8D41C1EC321FE728', NULL, NULL, 'NV-0888', 'Trần Thị Chương', 0, '1955-12-02', 'BenAlba@gmail.com', '0920673269', x'C42F274E7578D6787D326A1673FFCA7C', '0276 139171', '561774736124', 'Hồ Chí Minh', '1973-06-28', '01 Đường Lê Duẩn, Hà Nội, Hưng Yên', 'Ngân hàng TPBank', '069579424', 'CN Hà Thành', 'Phó phòng'),
(x'BB06C64C6830327D3F350028ED526DD0', NULL, NULL, 'NV-0249', 'Trần Thị Thành', 1, '1957-02-26', 'Carlson259@gmail.com', '0836882036', x'CE3E9B464A74D545957DE8C757976496', '0217 771985', '562118635330', 'Tuyên Quang', '1987-06-14', '736 Phố Lê Văn Lương, Hà Nội', 'Ngân hàng BIDV', '325891449', 'CN Hà Thành', 'Nhân viên'),
(x'BF28703F7137C5752380DE64D090A2C2', NULL, NULL, 'NV-2111', 'Đoàn Việt Hoài', 0, '1994-08-18', 'gqmtd0@gmail.com', '0983170268', x'C42F274E7578D6787D326A1673FFCA7C', '0266 134217', '296281324530', 'Đà Nẵng', '1970-01-01', '63 Phố Láng Hạ, Thái Bình', 'Ngân hàng TPBank', '5861881658098', 'CN Hai Bà Trưng', 'Giám đốc'),
(x'C0273762B74F3D57C3D289B22D10517E', NULL, NULL, 'NV-6421', 'Trần Văn Huệ', 2, NULL, NULL, NULL, x'C42F274E7578D6787D326A1673FFCA7C', '0200 978394', '278943056432', 'Ninh Bình', '1976-01-20', '92 Đường Bưởi, Hà Tĩnh', 'Ngân hàng BIDV', '431259266', 'CN Hai Bà Trưng', 'Phó phòng'),
(x'C1AABA18182B1723B9D289B22D10517E', NULL, NULL, 'NV-9764', 'Võ Tiến Thịnh', 3, '2000-10-13', 'Eliseo_XAmes565@gmail.com', '0920085916', x'8FB02C14317CFA218E9067245E8B283E', '0260 777426', '697410458890', 'Bắc Ninh', '1981-10-03', '71 Phố Đặng Tất, Quảng Bình', 'Ngân hàng VietinBank', '586877392', 'CN Hà Thành', 'Nhân viên'),
(x'C1F6654F2545E51641350028ED526DD0', NULL, NULL, 'NV-7375', 'Trần Anh Hường', 1, NULL, NULL, NULL, x'8FB02C14317CFA218E9067245E8B283E', '0246 069126', '994377894834', 'Hà Tĩnh', '1981-04-27', '614 Phố Hồ Đắc Di, Cao Bằng', 'Ngân hàng ACB', '8929239804454', 'CN Hai Bà Trưng', 'Nhân viên'),
(x'C204E75D3F57711A1A80DE64D090A2C2', NULL, NULL, 'NV-4963', 'Trần Việt Lan', 1, NULL, NULL, NULL, x'020D1217B56A433E18CB66948DAF6128', '0280 016722', '839774937498', 'Quảng Bình', '1970-01-07', '923 Đường Võ Chí Công, Thanh Hóa', 'Ngân hàng Agribank', '832403126', 'CN Cầu Giấy', 'Giám đốc'),
(x'C2D4183D392FCE3DD61D086412A8EA97', NULL, NULL, 'NV-2073', 'Bùi Tiến Duy', 1, '1960-07-20', 'Christopher_VBankston4@gmail.com', '0823262995', x'020D1217B56A433E18CB66948DAF6128', '0201 904076', '060767898705', 'Hà Tĩnh', '2006-03-02', '01 Đường Thụy Khuê, Thừa Thiên – Huế', 'Ngân hàng ACB', '410476330', 'CN Đống Đa', 'Nhân viên'),
(x'C2F5EC6598526E15D51D086412A8EA97', NULL, NULL, 'NV-9601', 'Nguyễn Thị Chương', 1, '1977-06-07', 'Pinkston@gmail.com', '0831082707', x'8FB02C14317CFA218E9067245E8B283E', '0221 769042', '798785291689', 'Hòa Bình', '1970-01-10', '420 Phố Hàng Trống, Hà Giang', 'Ngân hàng VPBank', '377962190', 'CN Đống Đa', 'Giám đốc'),
(x'C36C667B671B376067F6423B4E874D0F', NULL, NULL, 'NV-0229', 'Đinh Văn Trâm', 1, '1957-01-12', 'CheryleAshworth861@gmail.com', '0302492657', x'CE3E9B464A74D545957DE8C757976496', '0285 635943', '468887642939', 'Thanh Hóa', '2001-03-18', '680 Phố Huế, Thái Bình', 'Ngân hàng VietinBank', '7235843058968', 'CN Cầu Giấy', 'Nhân viên'),
(x'C39270238456B67B0A3560B3EBF808A9', NULL, NULL, 'NV-2747', 'Nguyễn Thanh Phương', 0, '1990-12-03', 'Andrade@gmail.com', '0846136000', x'020D1217B56A433E18CB66948DAF6128', '0233 927050', '452405354900', 'Hà Nam', '1974-04-09', '45 Phố Lý Quốc Sư, Hà Tĩnh', 'Ngân hàng VPBank', '516329871', 'CN Hội Sở', 'Phó phòng'),
(x'C3EC506A4E38542A2177D9EBC53AAC3D', NULL, NULL, 'NV-5070', 'Trịnh Thị Hồng', 3, '1954-03-29', 'ymaja5096@gmail.com', '0304839097', x'8FB02C14317CFA218E9067245E8B283E', '0200 486609', '286221204494', 'Tuyên Quang', '1978-08-31', '29 Đường Giải Phóng, Bắc Ninh', 'Ngân hàng HDBank', '0684819699041', 'CN Cầu Giấy', 'Phó phòng'),
(x'C40E7F5CF2779437CF1D086412A8EA97', NULL, NULL, 'NV-4136', 'Bùi Thị Cương', 2, '2001-09-19', 'Adrien_Snell193@gmail.com', '0379103140', x'020D1217B56A433E18CB66948DAF6128', '0226 921915', '604277401749', 'Yên Bái', '1972-05-17', '44 Phố Đặng Văn Ngữ, Phú Thọ', 'Ngân hàng BIDV', '694805164', 'CN Hà Thành', 'Phó phòng'),
(x'C4CB9E61BC37EA196FF6423B4E874D0F', NULL, NULL, 'NV-5310', 'Đoàn Ngọc Ngà', 2, '1971-12-10', 'Noel_Bautista@gmail.com', '0385751861', x'CE3E9B464A74D545957DE8C757976496', '0214 721995', '864004025653', 'Hà Tĩnh', '1970-04-01', '23 Phố Hàng Bài, Điện Biên', 'Ngân hàng TechcomBank', '367750250', 'CN Đống Đa', 'Trưởng phòng'),
(x'C4F8CD57E34760557E41C1EC321FE728', NULL, NULL, 'NV-6148', 'Trịnh Tú Nhã', 3, NULL, NULL, NULL, x'CE3E9B464A74D545957DE8C757976496', '0216 968516', '568686790087', 'Hồ Chí Minh', '2010-11-07', '15 Đường Võ Chí Công, Hải Phòng', 'Ngân hàng VPBank', '198127381', 'CN Hai Bà Trưng', 'Nhân viên'),
(x'C8265839A015F93159807ED9D1EA06EA', NULL, NULL, 'NV-2887', 'Nguyễn Thị Duyên', 3, '1964-04-28', 'Bobbi.Sprouse@gmail.com', '0808777665', x'8FB02C14317CFA218E9067245E8B283E', '0263 020160', '422242060468', 'Nghệ An', '2009-09-11', '57 Đường Văn Cao, Hải Dương', 'Ngân hàng VPBank', '9684095007875', 'CN Hai Bà Trưng', 'Nhân viên'),
(x'CB654823805D447270F6423B4E874D0F', NULL, NULL, 'NV-9165', 'Nguyễn Khánh Nam', 3, '1975-10-23', 'EvieSikes@gmail.com', '0878873592', x'C42F274E7578D6787D326A1673FFCA7C', '0235 676406', '157177641134', 'Nam Định', '1970-02-10', '42 Đường Trần Nhật Duật, Hà Nội', 'Ngân hàng HDBank', '3728181203226', 'CN Hội Sở', 'Trưởng phòng'),
(x'CB8311486C5A5B7968F6423B4E874D0F', NULL, NULL, 'NV-5215', 'Trương Văn Trọng', 2, NULL, NULL, NULL, x'020D1217B56A433E18CB66948DAF6128', '0268 786631', '184347268486', 'Quảng Bình', '2008-08-13', '648 Phố Đặng Văn Ngữ, Lạng Sơn', 'Ngân hàng VietinBank', '6148997243017', 'CN Cầu Giấy', 'Nhân viên'),
(x'CBD3062CF77E62445E807ED9D1EA06EA', NULL, NULL, 'NV-8220', 'Võ Văn Bảo', 2, '1952-01-07', 'ValerieDunlap77@gmail.com', '0346354125', x'CE3E9B464A74D545957DE8C757976496', '0276 389905', '681349465360', 'Quảng Bình', '1970-08-23', '69 Phố Hàng Bài, Đà Nẵng', 'Ngân hàng TechcomBank', '437348602', 'CN Đống Đa', 'Trưởng phòng'),
(x'CE6C534DBF315E33BFD289B22D10517E', NULL, NULL, 'NV-0818', 'Mai Văn Đức', 2, '1956-07-09', 'ciww0264@gmail.com', '0323909495', x'CE3E9B464A74D545957DE8C757976496', '0254 918515', '666509784078', 'Yên Bái', '1976-01-05', '559 Đường Võ Chí Công, Hà Tĩnh', 'Ngân hàng VietinBank', '0145428513796', 'CN Đống Đa', 'Phó phòng'),
(x'CF27D92BAF7F2E4545350028ED526DD0', NULL, NULL, 'NV-7434', 'Đinh Kim Phương', 3, NULL, NULL, NULL, x'CE3E9B464A74D545957DE8C757976496', '0288 856489', '809226446413', 'Hà Giang', '2011-04-12', '44 Phố Ngọc Hà, Thái Nguyên', 'Ngân hàng HDBank', '1107009157541', 'CN Hà Thành', 'Nhân viên'),
(x'D1B47D402B227D28013560B3EBF808A9', NULL, NULL, 'NV-9368', 'Vũ Thanh Phát', 0, '1992-07-08', 'ElfredaLynn@gmail.com', '0883839173', x'CE3E9B464A74D545957DE8C757976496', '0273 710672', '774934587444', 'Sơn La', '2019-04-06', '631 Phố Láng Hạ, Nam Định', 'Ngân hàng VPBank', '546515419', 'CN Đống Đa', 'Nhân viên'),
(x'D3E7C651BF53AE498A41C1EC321FE728', NULL, NULL, 'NV-8944', 'Võ Minh Minh', 1, '1991-09-15', 'agdwxyp98@gmail.com', '0394827620', x'C42F274E7578D6787D326A1673FFCA7C', '0277 000215', '907166642996', 'Hải Phòng', '1979-03-10', '189 Đường Hoàng Hoa Thám, Lạng Sơn', 'Ngân hàng VPBank', '382487014', 'CN Đống Đa', 'Phó phòng'),
(x'D560373851688B2148350028ED526DD0', NULL, NULL, 'NV-5713', 'Trịnh Trọng Cương', 2, '1988-01-06', 'GregorioAbbott@gmail.com', '0975284727', x'020D1217B56A433E18CB66948DAF6128', '0289 660039', '663708023719', 'Hà Giang', '1998-01-24', '410 Phố Đặng Tất, Hồ Chí Minh', 'Ngân hàng Agribank', '0890626745783', 'CN Hai Bà Trưng', 'Nhân viên'),
(x'D5CE18159369F83761807ED9D1EA06EA', NULL, NULL, 'NV-6941', 'Trịnh Diễm My', 2, '1997-07-26', 'DudleyG_Wilmoth@gmail.com', '0882457166', x'CE3E9B464A74D545957DE8C757976496', '0228 818431', '755787482893', 'Yên Bái', '1982-09-12', '713 Phố Bà Triệu, Tuyên Quang', 'Ngân hàng TechcomBank', '925121950', 'CN Đống Đa', 'Nhân viên'),
(x'D866123DD74905362477D9EBC53AAC3D', NULL, NULL, 'NV-1644', 'Trần Ánh Bằng', 2, '1982-01-04', 'lrvhmwny.moap@gmail.com', '0973828957', x'8FB02C14317CFA218E9067245E8B283E', '0260 158999', '272982230066', 'Thái Nguyên', '2000-04-27', '694 Phố Mai Xuân Thưởng, Hòa Bình', 'Ngân hàng VPBank', '4832096413150', 'CN Hội Sở', 'Nhân viên'),
(x'D8A256235177976F66F6423B4E874D0F', NULL, NULL, 'NV-9969', 'Nguyễn Thị Nhã', 1, '1961-12-10', 'CleoBurrell@gmail.com', '0974506819', x'C42F274E7578D6787D326A1673FFCA7C', '0246 734504', '509228402907', 'Hải Phòng', '1977-01-29', '91 Phố Hàng Dầu, Hà Nội', 'Ngân hàng TPBank', '905000728', 'CN Hai Bà Trưng', 'Phó phòng'),
(x'D8D5BB182D6C4C15BAD289B22D10517E', NULL, NULL, 'NV-6483', 'Bùi Đức Tuân', 1, '1967-11-20', 'AlfonsoRutherford3@gmail.com', '0818487709', x'020D1217B56A433E18CB66948DAF6128', '0294 777099', '133530182563', 'Hà Tĩnh', '1986-03-06', '777 Đường Võ Nguyên Giáp, Hồ Chí Minh', 'Ngân hàng HDBank', '985536582', 'CN Hai Bà Trưng', 'Nhân viên'),
(x'DAECF94B8E2D24171D80DE64D090A2C2', NULL, NULL, 'NV-5662', 'Trịnh Ngọc Cường', 3, '1952-03-29', 'Noah_A_Diamond@gmail.com', '0810333803', x'C42F274E7578D6787D326A1673FFCA7C', '0216 880474', '922409310768', 'Nam Định', '1981-10-15', '558 Đường Lê Duẩn, Hà Nội, Hà Nam', 'Ngân hàng TechcomBank', '4937049426762', 'CN Hội Sở', 'Nhân viên'),
(x'DB14106FF02F3B61BDD289B22D10517E', NULL, NULL, 'NV-8155', 'Trần Tú Giang', 1, '1994-03-23', 'Lianne.Brenner911@gmail.com', '0876902113', x'CE3E9B464A74D545957DE8C757976496', '0288 767808', '529670679968', 'Sơn La', '1974-07-10', '33 Phố Đinh Tiên Hoàng, Hà Tĩnh', 'Ngân hàng BIDV', '2316543207792', 'CN Hà Thành', 'Phó phòng'),
(x'DBDD0433721B7F6025C2579DAAD24557', NULL, NULL, 'NV-0638', 'Hồ Anh Hương', 3, '1980-01-16', 'Conrad_Frizzell61@gmail.com', '0827549424', x'8FB02C14317CFA218E9067245E8B283E', '0281 708272', '674076485025', 'Tuyên Quang', '1989-01-07', '388 Đường Võ Chí Công, Vĩnh Phúc', 'Ngân hàng ACB', '682112831', 'CN Hội Sở', 'Nhân viên'),
(x'DD0521322F142D392FC2579DAAD24557', NULL, NULL, 'NV-2333', 'Nông Văn Hảo', 2, '1979-01-30', 'Hyo.Aldrich@gmail.com', '0323927869', x'C42F274E7578D6787D326A1673FFCA7C', '0212 570873', '581958220758', 'Điện Biên', '1983-07-01', '63 Phố Nguyễn Khuyến, Hà Tĩnh', 'Ngân hàng TPBank', '888278520', 'CN Cầu Giấy', 'Nhân viên'),
(x'DEBD9E4C9A5FDD5842350028ED526DD0', NULL, NULL, 'NV-7484', 'Nguyễn Văn Nhanh', 0, '1965-02-07', 'Helm22@gmail.com', '0314480778', x'CE3E9B464A74D545957DE8C757976496', '0246 546543', '758291269746', 'Nghệ An', '1970-01-02', '392 Đường Hoàng Hoa Thám, Hòa Bình', 'Ngân hàng TechcomBank', '1882418792039', 'CN Hội Sở', 'Giám đốc'),
(x'E179DC73CB1CA635023560B3EBF808A9', NULL, NULL, 'NV-6922', 'Hồ Thị Hiền', 0, NULL, NULL, NULL, x'CE3E9B464A74D545957DE8C757976496', '0201 991486', '064989445785', 'Hưng Yên', '1993-03-23', '830 Đường Hoàng Hoa Thám, Đà Nẵng', 'Ngân hàng VietinBank', '873143964', 'CN Hai Bà Trưng', 'Nhân viên'),
(x'E22BDB5E49780949C2D289B22D10517E', NULL, NULL, 'NV-6042', 'Trương Minh Chiến', 3, '2001-03-28', 'Mari.C.Craddock@gmail.com', '0941156265', x'8FB02C14317CFA218E9067245E8B283E', '0202 392748', '231828326763', 'Hải Dương', '1970-01-05', '59 Phố Hàng Dầu, Thanh Hóa', 'Ngân hàng BIDV', '3124853285967', 'CN Hai Bà Trưng', 'Giám đốc'),
(x'E22FEC756559E6489141C1EC321FE728', NULL, NULL, 'NV-9014', 'Trần Thị Mai', 2, '1980-04-29', 'Sparks@gmail.com', '0963690229', x'CE3E9B464A74D545957DE8C757976496', '0246 174458', '655283691454', 'Đà Nẵng', '1977-05-29', '122 Đường Trần Nhật Duật, Hưng Yên', 'Ngân hàng VPBank', '356492600', 'CN Hà Thành', 'Phó phòng'),
(x'E35890574B3FCD49C61208DA6CA24F33', NULL, NULL, 'NV-9973', 'sfxger', 1, NULL, NULL, NULL, x'020D1217B56A433E18CB66948DAF6128', NULL, NULL, NULL, NULL, NULL, NULL, NULL, NULL, NULL),
(x'E4D10B36BF7B7139D41D086412A8EA97', NULL, NULL, 'NV-0342', 'Võ Văn Minh', 1, '1962-11-04', 'Bader9@gmail.com', '0916594859', x'C42F274E7578D6787D326A1673FFCA7C', '0203 162685', '215352522672', 'Hà Giang', '1987-09-07', '782 Phố Trần Hữu Tước, Yên Bái', 'Ngân hàng VietinBank', '0026638586921', 'CN Cầu Giấy', 'Nhân viên'),
(x'E5F92C766B35D7565F807ED9D1EA06EA', NULL, NULL, 'NV-2410', 'Trần Ngọc Công', 0, '1962-08-10', 'StaciaMcneal@gmail.com', '0831428477', x'8FB02C14317CFA218E9067245E8B283E', '0247 278078', '358776398192', 'Ninh Bình', '1986-11-02', '648 Đường Văn Cao, Quảng Bình', 'Ngân hàng Agribank', '1485976792627', 'CN Cầu Giấy', 'Nhân viên'),
(x'E79F5B6CC914B53BB4D289B22D10517E', NULL, NULL, 'NV-9114', 'Mai Thị Vân', 3, '1967-11-30', 'Grayson31@gmail.com', '0339603623', x'020D1217B56A433E18CB66948DAF6128', '0251 324945', '571679119874', 'Đà Nẵng', '2010-05-24', '67 Phố Hàng Dầu, Thái Bình', 'Ngân hàng Agribank', '929490313', 'CN Đống Đa', 'Nhân viên'),
(x'E854984AAC12AC722877D9EBC53AAC3D', NULL, NULL, 'NV-3848', 'Trần Ngọc Toản', 0, '1953-10-17', 'Downs33@gmail.com', '0332040561', x'8FB02C14317CFA218E9067245E8B283E', '0283 092816', '962744888063', 'Ninh Bình', '2012-05-03', '15 Phố Hàng Bài, Hải Dương', 'Ngân hàng VPBank', '410023649', 'CN Đống Đa', 'Nhân viên'),
(x'EA4FEC33034C91313EC2579DAAD24557', NULL, NULL, 'NV-0850', 'Mai Văn Toản', 1, '1988-04-05', 'Branson@gmail.com', '0953751682', x'8FB02C14317CFA218E9067245E8B283E', '0290 747529', '125423566369', 'Nam Định', '1983-08-27', '51 Phố Hàng Dầu, Sơn La', 'Ngân hàng Agribank', '6505282779186', 'CN Cầu Giấy', 'Nhân viên'),
(x'EC64ED3F942F8F79033560B3EBF808A9', NULL, NULL, 'NV-1305', 'Trịnh Văn Dương', 1, '1964-02-27', 'SamuelBilliot@gmail.com', '0307954295', x'8FB02C14317CFA218E9067245E8B283E', '0287 260176', '826366268213', 'Lạng Sơn', '1972-10-10', '66 Phố Quán Thánh, Hà Nội', 'Ngân hàng VPBank', '270644812', 'CN Hội Sở', 'Phó phòng'),
(x'ECD07D3EE57E2A391277D9EBC53AAC3D', NULL, NULL, 'NV-3052', 'Nguyễn Thị Dương', 3, '1994-04-15', 'Ackerman@gmail.com', '0320259626', x'8FB02C14317CFA218E9067245E8B283E', '0217 008129', '369642472450', 'Nam Định', '1991-11-07', '354 Phố Khương Trung, Nghệ An', 'Ngân hàng VietinBank', '0427182172734', 'CN Hà Thành', 'Nhân viên'),
(x'F251475277153D52CE1D086412A8EA97', NULL, NULL, 'NV-9603', 'Trương Mỹ Quốc', 2, '1958-09-07', 'Sheets524@gmail.com', '0992803801', x'020D1217B56A433E18CB66948DAF6128', '0296 154186', '447276674570', 'Sơn La', '1984-05-28', '73 Đường Võ Chí Công, Hải Phòng', 'Ngân hàng ACB', '0126419769512', 'CN Hội Sở', 'Nhân viên'),
(x'F2F9855CE11D0A4F3E350028ED526DD0', NULL, NULL, 'NV-8851', 'Nguyễn Văn Phượng', 3, '1968-04-15', 'AdaDancy@gmail.com', '0997524821', x'CE3E9B464A74D545957DE8C757976496', '0213 588262', '003991939702', 'Hà Nam', '2007-01-13', '758 Đường Thụy Khuê, Hà Giang', 'Ngân hàng TechcomBank', '500580846', 'CN Cầu Giấy', 'Nhân viên'),
(x'F30FFC2EC0376F28BBD289B22D10517E', NULL, NULL, 'NV-6723', 'Hoàng Thị Thọ', 2, '1989-07-28', 'Bradley@gmail.com', '0810413347', x'C42F274E7578D6787D326A1673FFCA7C', '0258 034204', '617229758522', 'Thừa Thiên – Huế', '2020-06-30', '020 Phố Nguyễn Thái Học, Đà Nẵng', 'Ngân hàng TPBank', '5628364643491', 'CN Hội Sở', 'Nhân viên'),
(x'F74FAB5F8E1BD0641880DE64D090A2C2', NULL, NULL, 'NV-3493', 'Bùi Thành Thu', 3, '1994-02-05', 'ArnulfoBatten@gmail.com', '0945686694', x'020D1217B56A433E18CB66948DAF6128', '0247 859456', '813888234919', 'Hà Tĩnh', '2011-05-01', '76 Phố Hàng Trống, Cao Bằng', 'Ngân hàng HDBank', '655266373', 'CN Đống Đa', 'Nhân viên'),
(x'F82DAC361E2B8F36CC1D086412A8EA97', NULL, NULL, 'NV-8745', 'Bùi Ngọc Hương', 1, '1995-04-22', 'Reeder@gmail.com', '0885374692', x'CE3E9B464A74D545957DE8C757976496', '0288 580989', '671825281759', 'Hà Nam', '1983-06-23', '30 Phố Đinh Tiên Hoàng, Hồ Chí Minh', 'Ngân hàng VPBank', '3891427117964', 'CN Đống Đa', 'Nhân viên'),
(x'F8357051A943594C72F6423B4E874D0F', NULL, NULL, 'NV-7616', 'Vũ Ngọc Nhài', 2, NULL, NULL, NULL, x'CE3E9B464A74D545957DE8C757976496', '0280 320844', '499803032317', 'Bắc Ninh', '2003-01-22', '45 Đường Trần Nhật Duật, Vĩnh Phúc', 'Ngân hàng ACB', '4077061104343', 'CN Hội Sở', 'Nhân viên'),
(x'FA317F417B5C086B62807ED9D1EA06EA', NULL, NULL, 'NV-0227', 'Đoàn Thị Chiến', 2, '1952-03-17', 'pkpcwd44@gmail.com', '0948358346', x'CE3E9B464A74D545957DE8C757976496', '0249 042089', '639420895075', 'Phú Thọ', '1993-12-07', '133 Phố Láng Hạ, Hưng Yên', 'Ngân hàng Agribank', '335192801', 'CN Cầu Giấy', 'Nhân viên'),
(x'FA965E1E7A5D9D5927C2579DAAD24557', NULL, NULL, 'NV-6724', 'Trịnh Thị Phương', 2, '1998-02-27', 'PrestonHeadley13@gmail.com', '0919321384', x'CE3E9B464A74D545957DE8C757976496', '0207 600060', '377952445745', 'Hà Nội', '1981-04-23', '135 Đường Thụy Khuê, Hà Nam', 'Ngân hàng VietinBank', '794967322', 'CN Cầu Giấy', 'Nhân viên'),
(x'FB2D971BEB67255F39C2579DAAD24557', NULL, NULL, 'NV-8822', 'Bùi Văn Linh', 0, '1952-03-31', 'BuckleyO@gmail.com', '0300116408', x'8FB02C14317CFA218E9067245E8B283E', '0238 043029', '966032050590', 'Hà Giang', '1980-02-08', '94 Đường Lê Duẩn, Hà Nội, Điện Biên', 'Ngân hàng BIDV', '665635485', 'CN Cầu Giấy', 'Nhân viên'),
(x'FDFDAC15D712F6522777D9EBC53AAC3D', NULL, NULL, 'NV-7340', 'Bùi Thị Như', 1, '1972-03-19', 'rcwddaxz.ogzta@gmail.com', '0326650744', x'CE3E9B464A74D545957DE8C757976496', '0240 180604', '523868851181', 'Quảng Bình', '1970-03-17', '03 Đường Võ Văn Kiệt, Hưng Yên', 'Ngân hàng Agribank', '2647071989142', 'CN Hội Sở', 'Trưởng phòng'),
(x'FF9FE458422AE74C1C77D9EBC53AAC3D', NULL, NULL, 'NV-6685', 'Nguyễn Anh Huyền', 2, '1989-10-02', 'bjwaj3@gmail.com', '0918288296', x'C42F274E7578D6787D326A1673FFCA7C', '0222 614775', '786100583597', 'Thanh Hóa', '1990-08-04', '488 Đường Võ Văn Kiệt, Phú Thọ', 'Ngân hàng ACB', '9424839052853', 'CN Hai Bà Trưng', 'Nhân viên');

-- 
-- Restore previous SQL mode
-- 
/*!40101 SET SQL_MODE=@OLD_SQL_MODE */;

-- 
-- Enable foreign keys
-- 
/*!40014 SET FOREIGN_KEY_CHECKS = @OLD_FOREIGN_KEY_CHECKS */;